Part,Obs,time,x,y,Picture
1646822176.2665932,10,1646822193.9913216,320.6296701008141,633.464236365387,S,c,r,e,e,n,s,h,o,t, ,2,0,2,1,-,1,2,-,1,6, ,0,9,2,3,5,5,.,p,n,g
1646822176.2665932,11,1646822194.047531,320.6296701008141,633.464236365387,S,c,r,e,e,n,s,h,o,t, ,2,0,2,1,-,1,2,-,1,6, ,0,9,2,3,5,5,.,p,n,g
1646822176.2665932,12,1646822194.114262,336.0225575244258,642.317804885281,S,c,r,e,e,n,s,h,o,t, ,2,0,2,1,-,1,2,-,1,6, ,0,9,2,3,5,5,.,p,n,g
1646822176.2665932,13,1646822194.1553862,334.974925765182,628.474292862526,S,c,r,e,e,n,s,h,o,t, ,2,0,2,1,-,1,2,-,1,6, ,0,9,2,3,5,5,.,p,n,g
1646822176.2665932,14,1646822194.1980863,768.4577374967721,579.5822589247541,S,c,r,e,e,n,s,h,o,t, ,2,0,2,1,-,1,2,-,1,6, ,0,9,2,3,5,5,.,p,n,g
1646822176.2665932,15,1646822194.2379758,1580.4211947042168,499.4469851016934,S,c,r,e,e,n,s,h,o,t, ,2,0,2,1,-,1,2,-,1,6, ,0,9,2,3,5,5,.,p,n,g
1646822176.2665932,16,1646822194.2939887,1606.2083249203642,476.3723163295217,S,c,r,e,e,n,s,h,o,t, ,2,0,2,1,-,1,2,-,1,6, ,0,9,2,3,5,5,.,p,n,g
1646822176.2665932,17,1646822194.3398697,1567.8048289732033,456.0587813926172,S,c,r,e,e,n,s,h,o,t, ,2,0,2,1,-,1,2,-,1,6, ,0,9,2,3,5,5,.,p,n,g
1646822176.2665932,18,1646822194.4052746,1636.2645762556567,391.6423722542145,S,c,r,e,e,n,s,h,o,t, ,2,0,2,1,-,1,2,-,1,6, ,0,9,2,3,5,5,.,p,n,g
1646822176.2665932,19,1646822194.4571333,1636.2645762556567,391.6423722542145,S,c,r,e,e,n,s,h,o,t, ,2,0,2,1,-,1,2,-,1,6, ,0,9,2,3,5,5,.,p,n,g
1646822176.2665932,20,1646822194.498026,1536.9729497541703,90.60383332696165,S,c,r,e,e,n,s,h,o,t, ,2,0,2,1,-,1,2,-,1,6, ,0,9,2,3,5,5,.,p,n,g
1646822176.2665932,21,1646822194.5369215,1510.7817770753682,75.16015080322313,S,c,r,e,e,n,s,h,o,t, ,2,0,2,1,-,1,2,-,1,6, ,0,9,2,3,5,5,.,p,n,g
1646822176.2665932,22,1646822194.5798073,1485.8120360751636,79.10459064784982,S,c,r,e,e,n,s,h,o,t, ,2,0,2,1,-,1,2,-,1,6, ,0,9,2,3,5,5,.,p,n,g
1646822176.2665932,23,1646822194.6454046,1489.4458388730163,71.5177577652853,S,c,r,e,e,n,s,h,o,t, ,2,0,2,1,-,1,2,-,1,6, ,0,9,2,3,5,5,.,p,n,g
1646822176.2665932,24,1646822194.6833491,1489.4458388730163,71.5177577652853,S,c,r,e,e,n,s,h,o,t, ,2,0,2,1,-,1,2,-,1,6, ,0,9,2,3,5,5,.,p,n,g
1646822176.2665932,25,1646822194.7234292,1485.4070183684744,44.736521881629415,S,c,r,e,e,n,s,h,o,t, ,2,0,2,1,-,1,2,-,1,6, ,0,9,2,3,5,5,.,p,n,g
1646822176.2665932,26,1646822194.773114,1361.5023965672299,50.47238184749904,S,c,r,e,e,n,s,h,o,t, ,2,0,2,1,-,1,2,-,1,6, ,0,9,2,3,5,5,.,p,n,g
1646822176.2665932,27,1646822194.8120086,1361.5023965672299,50.47238184749904,S,c,r,e,e,n,s,h,o,t, ,2,0,2,1,-,1,2,-,1,6, ,0,9,2,3,5,5,.,p,n,g
1646822176.2665932,28,1646822194.8638685,1341.9523037505169,25.543803135009057,S,c,r,e,e,n,s,h,o,t, ,2,0,2,1,-,1,2,-,1,6, ,0,9,2,3,5,5,.,p,n,g
1646822176.2665932,29,1646822194.9034631,1374.6220041212837,32.77662465343428,S,c,r,e,e,n,s,h,o,t, ,2,0,2,1,-,1,2,-,1,6, ,0,9,2,3,5,5,.,p,n,g
1646822176.2665932,30,1646822194.9495726,1289.635392698343,35.47097907449597,S,c,r,e,e,n,s,h,o,t, ,2,0,2,1,-,1,2,-,1,6, ,0,9,2,3,5,5,.,p,n,g
1646822176.2665932,31,1646822195.01278,1331.495693753739,23.301089396665247,S,c,r,e,e,n,s,h,o,t, ,2,0,2,1,-,1,2,-,1,6, ,0,9,2,3,5,5,.,p,n,g
1646822176.2665932,32,1646822195.0616224,1276.3465979267166,42.708891929659785,S,c,r,e,e,n,s,h,o,t, ,2,0,2,1,-,1,2,-,1,6, ,0,9,2,3,5,5,.,p,n,g
1646822176.2665932,33,1646822195.124294,1325.1801016075333,22.82814134785258,S,c,r,e,e,n,s,h,o,t, ,2,0,2,1,-,1,2,-,1,6, ,0,9,2,3,5,5,.,p,n,g
1646822176.2665932,34,1646822195.168133,1325.1801016075333,22.82814134785258,S,c,r,e,e,n,s,h,o,t, ,2,0,2,1,-,1,2,-,1,6, ,0,9,2,3,5,5,.,p,n,g
1646822176.2665932,35,1646822195.2090592,1286.2486327830811,37.04652265384493,S,c,r,e,e,n,s,h,o,t, ,2,0,2,1,-,1,2,-,1,6, ,0,9,2,3,5,5,.,p,n,g
1646822176.2665932,36,1646822195.2527604,1270.2716930027236,59.97416779646801,S,c,r,e,e,n,s,h,o,t, ,2,0,2,1,-,1,2,-,1,6, ,0,9,2,3,5,5,.,p,n,g
1646822176.2665932,37,1646822195.3026288,1257.1642889996474,78.70741389968452,S,c,r,e,e,n,s,h,o,t, ,2,0,2,1,-,1,2,-,1,6, ,0,9,2,3,5,5,.,p,n,g
1646822176.2665932,38,1646822195.364641,1251.6663214577093,85.26899506642394,S,c,r,e,e,n,s,h,o,t, ,2,0,2,1,-,1,2,-,1,6, ,0,9,2,3,5,5,.,p,n,g
1646822176.2665932,39,1646822195.4125109,1251.6663214577093,85.26899506642394,S,c,r,e,e,n,s,h,o,t, ,2,0,2,1,-,1,2,-,1,6, ,0,9,2,3,5,5,.,p,n,g
1646822176.2665932,40,1646822195.4634454,1266.5345718168646,79.85736462997056,S,c,r,e,e,n,s,h,o,t, ,2,0,2,1,-,1,2,-,1,6, ,0,9,2,3,5,5,.,p,n,g
1646822176.2665932,41,1646822195.5094414,1273.7105160666688,57.233715489291626,S,c,r,e,e,n,s,h,o,t, ,2,0,2,1,-,1,2,-,1,6, ,0,9,2,3,5,5,.,p,n,g
1646822176.2665932,42,1646822195.5522118,1345.9435797548686,57.61674501373682,S,c,r,e,e,n,s,h,o,t, ,2,0,2,1,-,1,2,-,1,6, ,0,9,2,3,5,5,.,p,n,g
1646822176.2665932,43,1646822195.605269,1322.991851451512,62.36899457825484,S,c,r,e,e,n,s,h,o,t, ,2,0,2,1,-,1,2,-,1,6, ,0,9,2,3,5,5,.,p,n,g
1646822176.2665932,44,1646822195.6451616,1322.991851451512,62.36899457825484,S,c,r,e,e,n,s,h,o,t, ,2,0,2,1,-,1,2,-,1,6, ,0,9,2,3,5,5,.,p,n,g
1646822176.2665932,45,1646822195.6868958,1409.6453837291083,61.38463897176052,S,c,r,e,e,n,s,h,o,t, ,2,0,2,1,-,1,2,-,1,6, ,0,9,2,3,5,5,.,p,n,g
1646822176.2665932,46,1646822195.7375386,1487.164154913491,27.696250616101224,S,c,r,e,e,n,s,h,o,t, ,2,0,2,1,-,1,2,-,1,6, ,0,9,2,3,5,5,.,p,n,g
1646822176.2665932,47,1646822195.7814548,1428.9592196502745,43.876678607462964,S,c,r,e,e,n,s,h,o,t, ,2,0,2,1,-,1,2,-,1,6, ,0,9,2,3,5,5,.,p,n,g
1646822176.2665932,48,1646822195.8441284,1462.1324438320225,27.394846243835218,S,c,r,e,e,n,s,h,o,t, ,2,0,2,1,-,1,2,-,1,6, ,0,9,2,3,5,5,.,p,n,g
1646822176.2665932,49,1646822195.9085958,1505.1013069651926,-6.498821864815909,S,c,r,e,e,n,s,h,o,t, ,2,0,2,1,-,1,2,-,1,6, ,0,9,2,3,5,5,.,p,n,g
1646822176.2665932,50,1646822195.9524777,1505.1013069651926,-6.498821864815909,S,c,r,e,e,n,s,h,o,t, ,2,0,2,1,-,1,2,-,1,6, ,0,9,2,3,5,5,.,p,n,g
1646822176.2665932,51,1646822195.9993594,1484.6815629645243,-3.7926502503992197,S,c,r,e,e,n,s,h,o,t, ,2,0,2,1,-,1,2,-,1,6, ,0,9,2,3,5,5,.,p,n,g
1646822176.2665932,52,1646822196.048622,1513.1401689324339,-12.963664408925979,S,c,r,e,e,n,s,h,o,t, ,2,0,2,1,-,1,2,-,1,6, ,0,9,2,3,5,5,.,p,n,g
1646822176.2665932,53,1646822196.094415,1591.265109240434,-2.5110326249073296,S,c,r,e,e,n,s,h,o,t, ,2,0,2,1,-,1,2,-,1,6, ,0,9,2,3,5,5,.,p,n,g
1646822176.2665932,54,1646822196.151264,1663.727042382241,-5.625766774704971,S,c,r,e,e,n,s,h,o,t, ,2,0,2,1,-,1,2,-,1,6, ,0,9,2,3,5,5,.,p,n,g
1646822176.2665932,55,1646822196.1971402,1622.1952577867924,0.8634142862251792,S,c,r,e,e,n,s,h,o,t, ,2,0,2,1,-,1,2,-,1,6, ,0,9,2,3,5,5,.,p,n,g
1646822176.2665932,56,1646822196.2600148,1652.7593090830414,0.43666346477448315,S,c,r,e,e,n,s,h,o,t, ,2,0,2,1,-,1,2,-,1,6, ,0,9,2,3,5,5,.,p,n,g
1646822176.2665932,57,1646822196.3038557,1652.7593090830414,0.43666346477448315,S,c,r,e,e,n,s,h,o,t, ,2,0,2,1,-,1,2,-,1,6, ,0,9,2,3,5,5,.,p,n,g
1646822176.2665932,58,1646822196.3477378,1546.548296256009,136.53310048803542,S,c,r,e,e,n,s,h,o,t, ,2,0,2,1,-,1,2,-,1,6, ,0,9,2,3,5,5,.,p,n,g
1646822176.2665932,59,1646822196.393662,1561.5068797912172,225.78625487893123,S,c,r,e,e,n,s,h,o,t, ,2,0,2,1,-,1,2,-,1,6, ,0,9,2,3,5,5,.,p,n,g
1646822176.2665932,60,1646822196.4364996,1541.2919169082234,251.30845032964226,S,c,r,e,e,n,s,h,o,t, ,2,0,2,1,-,1,2,-,1,6, ,0,9,2,3,5,5,.,p,n,g
1646822176.2665932,61,1646822196.500507,1541.2311604121496,260.96299028295243,S,c,r,e,e,n,s,h,o,t, ,2,0,2,1,-,1,2,-,1,6, ,0,9,2,3,5,5,.,p,n,g
1646822176.2665932,62,1646822196.5434268,1541.2311604121496,260.96299028295243,S,c,r,e,e,n,s,h,o,t, ,2,0,2,1,-,1,2,-,1,6, ,0,9,2,3,5,5,.,p,n,g
1646822176.2665932,63,1646822196.589269,1579.3633308651843,357.824082562634,S,c,r,e,e,n,s,h,o,t, ,2,0,2,1,-,1,2,-,1,6, ,0,9,2,3,5,5,.,p,n,g
1646822176.2665932,64,1646822196.6391351,1529.4957719443737,443.7378136237553,S,c,r,e,e,n,s,h,o,t, ,2,0,2,1,-,1,2,-,1,6, ,0,9,2,3,5,5,.,p,n,g
1646822176.2665932,65,1646822196.684057,1562.4652543452103,442.8531554765609,S,c,r,e,e,n,s,h,o,t, ,2,0,2,1,-,1,2,-,1,6, ,0,9,2,3,5,5,.,p,n,g
1646822176.2665932,66,1646822196.7418997,1549.1211210897309,431.3261446962292,S,c,r,e,e,n,s,h,o,t, ,2,0,2,1,-,1,2,-,1,6, ,0,9,2,3,5,5,.,p,n,g
1646822176.2665932,67,1646822196.7867742,1549.1211210897309,431.3261446962292,S,c,r,e,e,n,s,h,o,t, ,2,0,2,1,-,1,2,-,1,6, ,0,9,2,3,5,5,.,p,n,g
1646822176.2665932,68,1646822196.8306708,1554.143395232426,421.05020437653275,S,c,r,e,e,n,s,h,o,t, ,2,0,2,1,-,1,2,-,1,6, ,0,9,2,3,5,5,.,p,n,g
1646822176.2665932,69,1646822196.8762019,1555.693571625554,429.94985158591726,S,c,r,e,e,n,s,h,o,t, ,2,0,2,1,-,1,2,-,1,6, ,0,9,2,3,5,5,.,p,n,g
1646822176.2665932,70,1646822196.9190636,1563.046906305859,417.16317066582997,S,c,r,e,e,n,s,h,o,t, ,2,0,2,1,-,1,2,-,1,6, ,0,9,2,3,5,5,.,p,n,g
1646822176.2665932,71,1646822196.9809413,1637.8672631788359,433.5517130598132,S,c,r,e,e,n,s,h,o,t, ,2,0,2,1,-,1,2,-,1,6, ,0,9,2,3,5,5,.,p,n,g
1646822176.2665932,72,1646822197.0445356,1660.1965215740129,441.89104660060684,S,c,r,e,e,n,s,h,o,t, ,2,0,2,1,-,1,2,-,1,6, ,0,9,2,3,5,5,.,p,n,g
1646822176.2665932,73,1646822197.0889804,1660.1965215740129,441.89104660060684,S,c,r,e,e,n,s,h,o,t, ,2,0,2,1,-,1,2,-,1,6, ,0,9,2,3,5,5,.,p,n,g
1646822176.2665932,74,1646822197.1398396,1621.179525816122,432.2645591737851,S,c,r,e,e,n,s,h,o,t, ,2,0,2,1,-,1,2,-,1,6, ,0,9,2,3,5,5,.,p,n,g
1646822176.2665932,75,1646822197.1837766,1587.320912036139,408.179862254231,S,c,r,e,e,n,s,h,o,t, ,2,0,2,1,-,1,2,-,1,6, ,0,9,2,3,5,5,.,p,n,g
1646822176.2665932,76,1646822197.223716,1607.4031544647914,409.0365229450367,S,c,r,e,e,n,s,h,o,t, ,2,0,2,1,-,1,2,-,1,6, ,0,9,2,3,5,5,.,p,n,g
1646822176.2665932,77,1646822197.2858615,1615.3586778240897,403.9560376253148,S,c,r,e,e,n,s,h,o,t, ,2,0,2,1,-,1,2,-,1,6, ,0,9,2,3,5,5,.,p,n,g
1646822176.2665932,78,1646822197.3317604,1601.7860293826925,380.91770228764426,S,c,r,e,e,n,s,h,o,t, ,2,0,2,1,-,1,2,-,1,6, ,0,9,2,3,5,5,.,p,n,g
1646822176.2665932,79,1646822197.3976405,1561.0264161563282,388.0399722235902,S,c,r,e,e,n,s,h,o,t, ,2,0,2,1,-,1,2,-,1,6, ,0,9,2,3,5,5,.,p,n,g
1646822176.2665932,80,1646822197.481563,1595.0038547988988,370.8795602136156,S,c,r,e,e,n,s,h,o,t, ,2,0,2,1,-,1,2,-,1,6, ,0,9,2,3,5,5,.,p,n,g
1646822176.2665932,81,1646822197.5256228,1540.6117591185503,366.96864523213253,S,c,r,e,e,n,s,h,o,t, ,2,0,2,1,-,1,2,-,1,6, ,0,9,2,3,5,5,.,p,n,g
1646822176.2665932,82,1646822197.5725045,1597.1164364388096,379.25939981389683,S,c,r,e,e,n,s,h,o,t, ,2,0,2,1,-,1,2,-,1,6, ,0,9,2,3,5,5,.,p,n,g
1646822176.2665932,83,1646822197.6372778,1578.2112742476238,380.9920973777612,S,c,r,e,e,n,s,h,o,t, ,2,0,2,1,-,1,2,-,1,6, ,0,9,2,3,5,5,.,p,n,g
1646822176.2665932,84,1646822197.7007582,1539.6270096908956,352.1680870058349,S,c,r,e,e,n,s,h,o,t, ,2,0,2,1,-,1,2,-,1,6, ,0,9,2,3,5,5,.,p,n,g
1646822176.2665932,85,1646822197.747647,1539.6270096908956,352.1680870058349,S,c,r,e,e,n,s,h,o,t, ,2,0,2,1,-,1,2,-,1,6, ,0,9,2,3,5,5,.,p,n,g
1646822176.2665932,86,1646822197.800491,1503.6523540938797,329.6589118664647,S,c,r,e,e,n,s,h,o,t, ,2,0,2,1,-,1,2,-,1,6, ,0,9,2,3,5,5,.,p,n,g
1646822176.2665932,87,1646822197.8454185,1524.4319897724636,325.14486762558363,S,c,r,e,e,n,s,h,o,t, ,2,0,2,1,-,1,2,-,1,6, ,0,9,2,3,5,5,.,p,n,g
1646822176.2665932,88,1646822197.8879433,1491.2977847942348,316.6453038801742,S,c,r,e,e,n,s,h,o,t, ,2,0,2,1,-,1,2,-,1,6, ,0,9,2,3,5,5,.,p,n,g
1646822176.2665932,89,1646822197.9406798,1484.1069525037565,309.3796895081987,S,c,r,e,e,n,s,h,o,t, ,2,0,2,1,-,1,2,-,1,6, ,0,9,2,3,5,5,.,p,n,g
1646822176.2665932,90,1646822198.003364,1411.6338941790054,207.31354623113157,S,c,r,e,e,n,s,h,o,t, ,2,0,2,1,-,1,2,-,1,6, ,0,9,2,3,5,5,.,p,n,g
1646822176.2665932,91,1646822198.049426,1411.6338941790054,207.31354623113157,S,c,r,e,e,n,s,h,o,t, ,2,0,2,1,-,1,2,-,1,6, ,0,9,2,3,5,5,.,p,n,g
1646822176.2665932,92,1646822198.0960827,1375.680207158348,192.49266092309017,S,c,r,e,e,n,s,h,o,t, ,2,0,2,1,-,1,2,-,1,6, ,0,9,2,3,5,5,.,p,n,g
1646822176.2665932,93,1646822198.1446104,1345.8931952933417,194.2640761183361,S,c,r,e,e,n,s,h,o,t, ,2,0,2,1,-,1,2,-,1,6, ,0,9,2,3,5,5,.,p,n,g
1646822176.2665932,94,1646822198.1958792,1354.002078771453,193.24871427717653,S,c,r,e,e,n,s,h,o,t, ,2,0,2,1,-,1,2,-,1,6, ,0,9,2,3,5,5,.,p,n,g
1646822176.2665932,95,1646822198.2457986,1358.5348655792914,178.80910044961502,S,c,r,e,e,n,s,h,o,t, ,2,0,2,1,-,1,2,-,1,6, ,0,9,2,3,5,5,.,p,n,g
1646822176.2665932,96,1646822198.2958045,1383.3336616827219,185.82699280154156,S,c,r,e,e,n,s,h,o,t, ,2,0,2,1,-,1,2,-,1,6, ,0,9,2,3,5,5,.,p,n,g
1646822176.2665932,97,1646822198.3563588,1443.7576985341111,180.20678710530228,S,c,r,e,e,n,s,h,o,t, ,2,0,2,1,-,1,2,-,1,6, ,0,9,2,3,5,5,.,p,n,g
1646822176.2665932,98,1646822198.4082391,1443.7576985341111,180.20678710530228,S,c,r,e,e,n,s,h,o,t, ,2,0,2,1,-,1,2,-,1,6, ,0,9,2,3,5,5,.,p,n,g
1646822176.2665932,99,1646822198.4560664,1416.064326308595,166.73309824567104,S,c,r,e,e,n,s,h,o,t, ,2,0,2,1,-,1,2,-,1,6, ,0,9,2,3,5,5,.,p,n,g
1646822176.2665932,100,1646822198.5045316,1506.1191276148893,171.12574067345804,S,c,r,e,e,n,s,h,o,t, ,2,0,2,1,-,1,2,-,1,6, ,0,9,2,3,5,5,.,p,n,g
1646822176.2665932,101,1646822198.5533824,1787.5560205921356,174.01115669322007,S,c,r,e,e,n,s,h,o,t, ,2,0,2,1,-,1,2,-,1,6, ,0,9,2,3,5,5,.,p,n,g
1646822176.2665932,102,1646822198.602684,1821.9485704589824,162.29028200216408,S,c,r,e,e,n,s,h,o,t, ,2,0,2,1,-,1,2,-,1,6, ,0,9,2,3,5,5,.,p,n,g
1646822176.2665932,103,1646822198.6616874,1761.9776577701014,147.4865058387145,S,c,r,e,e,n,s,h,o,t, ,2,0,2,1,-,1,2,-,1,6, ,0,9,2,3,5,5,.,p,n,g
1646822176.2665932,104,1646822198.7185438,1815.2160434585057,149.30200332244976,S,c,r,e,e,n,s,h,o,t, ,2,0,2,1,-,1,2,-,1,6, ,0,9,2,3,5,5,.,p,n,g
1646822176.2665932,105,1646822198.7724,1739.9942279199968,139.05379157635662,S,c,r,e,e,n,s,h,o,t, ,2,0,2,1,-,1,2,-,1,6, ,0,9,2,3,5,5,.,p,n,g
1646822176.2665932,106,1646822198.821774,1739.9942279199968,139.05379157635662,S,c,r,e,e,n,s,h,o,t, ,2,0,2,1,-,1,2,-,1,6, ,0,9,2,3,5,5,.,p,n,g
1646822176.2665932,107,1646822198.8776271,1722.0205490259614,155.35968299273327,S,c,r,e,e,n,s,h,o,t, ,2,0,2,1,-,1,2,-,1,6, ,0,9,2,3,5,5,.,p,n,g
1646822176.2665932,108,1646822198.9319952,1600.8396764561548,184.56955017144674,S,c,r,e,e,n,s,h,o,t, ,2,0,2,1,-,1,2,-,1,6, ,0,9,2,3,5,5,.,p,n,g
1646822176.2665932,109,1646822198.9788804,1554.119096564973,204.2132024147072,S,c,r,e,e,n,s,h,o,t, ,2,0,2,1,-,1,2,-,1,6, ,0,9,2,3,5,5,.,p,n,g
1646822176.2665932,110,1646822199.025742,1558.1083930388559,212.4705967341456,S,c,r,e,e,n,s,h,o,t, ,2,0,2,1,-,1,2,-,1,6, ,0,9,3,5,1,2,.,p,n,g
1646822176.2665932,111,1646822207.5729873,651.7295809934931,234.04319483203835,S,c,r,e,e,n,s,h,o,t, ,2,0,2,1,-,1,2,-,1,6, ,0,9,3,5,1,2,.,p,n,g
1646822176.2665932,112,1646822207.6121175,651.7295809934931,234.04319483203835,S,c,r,e,e,n,s,h,o,t, ,2,0,2,1,-,1,2,-,1,6, ,0,9,3,5,1,2,.,p,n,g
1646822176.2665932,113,1646822207.6429768,605.0569549347238,229.45062094057084,S,c,r,e,e,n,s,h,o,t, ,2,0,2,1,-,1,2,-,1,6, ,0,9,3,5,1,2,.,p,n,g
1646822176.2665932,114,1646822207.6856072,596.3739105459372,213.3201626143673,S,c,r,e,e,n,s,h,o,t, ,2,0,2,1,-,1,2,-,1,6, ,0,9,3,5,1,2,.,p,n,g
1646822176.2665932,115,1646822207.7503145,1613.1401587485925,75.61550621729157,S,c,r,e,e,n,s,h,o,t, ,2,0,2,1,-,1,2,-,1,6, ,0,9,3,5,1,2,.,p,n,g
1646822176.2665932,116,1646822207.8129737,1708.3011655934206,80.97521878763428,S,c,r,e,e,n,s,h,o,t, ,2,0,2,1,-,1,2,-,1,6, ,0,9,3,5,1,2,.,p,n,g
1646822176.2665932,117,1646822207.8518577,1708.3011655934206,80.97521878763428,S,c,r,e,e,n,s,h,o,t, ,2,0,2,1,-,1,2,-,1,6, ,0,9,3,5,1,2,.,p,n,g
1646822176.2665932,118,1646822207.8957405,1640.1949246035183,80.09401322993062,S,c,r,e,e,n,s,h,o,t, ,2,0,2,1,-,1,2,-,1,6, ,0,9,3,5,1,2,.,p,n,g
1646822176.2665932,119,1646822207.9266157,1611.342292267993,82.05282109052314,S,c,r,e,e,n,s,h,o,t, ,2,0,2,1,-,1,2,-,1,6, ,0,9,3,5,1,2,.,p,n,g
1646822176.2665932,120,1646822207.9902446,1622.3875008472132,91.19347852754663,S,c,r,e,e,n,s,h,o,t, ,2,0,2,1,-,1,2,-,1,6, ,0,9,3,5,1,2,.,p,n,g
1646822176.2665932,121,1646822208.037201,1622.3875008472132,91.19347852754663,S,c,r,e,e,n,s,h,o,t, ,2,0,2,1,-,1,2,-,1,6, ,0,9,3,5,1,2,.,p,n,g
1646822176.2665932,122,1646822208.0699818,1567.4481466610268,91.07767867888151,S,c,r,e,e,n,s,h,o,t, ,2,0,2,1,-,1,2,-,1,6, ,0,9,3,5,1,2,.,p,n,g
1646822176.2665932,123,1646822208.117269,1522.8524307844455,120.45894374254385,S,c,r,e,e,n,s,h,o,t, ,2,0,2,1,-,1,2,-,1,6, ,0,9,3,5,1,2,.,p,n,g
1646822176.2665932,124,1646822208.1671388,1585.239049936983,114.61365396854399,S,c,r,e,e,n,s,h,o,t, ,2,0,2,1,-,1,2,-,1,6, ,0,9,3,5,1,2,.,p,n,g
1646822176.2665932,125,1646822208.2283885,1527.163882020719,113.15319981000994,S,c,r,e,e,n,s,h,o,t, ,2,0,2,1,-,1,2,-,1,6, ,0,9,3,5,1,2,.,p,n,g
1646822176.2665932,126,1646822208.2753396,1527.163882020719,113.15319981000994,S,c,r,e,e,n,s,h,o,t, ,2,0,2,1,-,1,2,-,1,6, ,0,9,3,5,1,2,.,p,n,g
1646822176.2665932,127,1646822208.3070862,1549.7365054565853,116.47290247690307,S,c,r,e,e,n,s,h,o,t, ,2,0,2,1,-,1,2,-,1,6, ,0,9,3,5,1,2,.,p,n,g
1646822176.2665932,128,1646822208.3403058,1487.8939897994678,122.36814789448317,S,c,r,e,e,n,s,h,o,t, ,2,0,2,1,-,1,2,-,1,6, ,0,9,3,5,1,2,.,p,n,g
1646822176.2665932,129,1646822208.4055777,1602.1391950841862,166.95794811623,S,c,r,e,e,n,s,h,o,t, ,2,0,2,1,-,1,2,-,1,6, ,0,9,3,5,1,2,.,p,n,g
1646822176.2665932,130,1646822208.4685912,1603.3113879343728,167.3646427222725,S,c,r,e,e,n,s,h,o,t, ,2,0,2,1,-,1,2,-,1,6, ,0,9,3,5,1,2,.,p,n,g
1646822176.2665932,131,1646822208.5320754,1598.4835280818115,160.6649152613145,S,c,r,e,e,n,s,h,o,t, ,2,0,2,1,-,1,2,-,1,6, ,0,9,3,5,1,2,.,p,n,g
1646822176.2665932,132,1646822208.5813835,1616.1580823858421,167.03270050625633,S,c,r,e,e,n,s,h,o,t, ,2,0,2,1,-,1,2,-,1,6, ,0,9,3,5,1,2,.,p,n,g
1646822176.2665932,133,1646822208.6445851,1611.7654220776203,183.27569674980305,S,c,r,e,e,n,s,h,o,t, ,2,0,2,1,-,1,2,-,1,6, ,0,9,3,5,1,2,.,p,n,g
1646822176.2665932,134,1646822208.7090206,1668.1445862176151,144.71677927667452,S,c,r,e,e,n,s,h,o,t, ,2,0,2,1,-,1,2,-,1,6, ,0,9,3,5,1,2,.,p,n,g
1646822176.2665932,135,1646822208.774232,1786.34964825528,15.658214824047263,S,c,r,e,e,n,s,h,o,t, ,2,0,2,1,-,1,2,-,1,6, ,0,9,3,5,1,2,.,p,n,g
1646822176.2665932,136,1646822208.821493,1883.7927967063151,21.54303150037822,S,c,r,e,e,n,s,h,o,t, ,2,0,2,1,-,1,2,-,1,6, ,0,9,3,5,1,2,.,p,n,g
1646822176.2665932,137,1646822208.8842444,1895.3121460147995,12.856758864837502,S,c,r,e,e,n,s,h,o,t, ,2,0,2,1,-,1,2,-,1,6, ,0,9,3,5,1,2,.,p,n,g
1646822176.2665932,138,1646822208.9485483,1843.1880466480616,20.216558724547212,S,c,r,e,e,n,s,h,o,t, ,2,0,2,1,-,1,2,-,1,6, ,0,9,3,5,1,2,.,p,n,g
1646822176.2665932,139,1646822209.0118854,1812.598975203884,71.05330413911224,S,c,r,e,e,n,s,h,o,t, ,2,0,2,1,-,1,2,-,1,6, ,0,9,3,5,1,2,.,p,n,g
1646822176.2665932,140,1646822209.0594323,1783.2673338830682,72.33466023401297,S,c,r,e,e,n,s,h,o,t, ,2,0,2,1,-,1,2,-,1,6, ,0,9,3,5,1,2,.,p,n,g
1646822176.2665932,141,1646822209.0923653,1783.2673338830682,72.33466023401297,S,c,r,e,e,n,s,h,o,t, ,2,0,2,1,-,1,2,-,1,6, ,0,9,3,5,1,2,.,p,n,g
1646822176.2665932,142,1646822209.1252925,1811.3287042855845,48.847665158240034,S,c,r,e,e,n,s,h,o,t, ,2,0,2,1,-,1,2,-,1,6, ,0,9,3,5,1,2,.,p,n,g
1646822176.2665932,143,1646822209.1591687,1811.3287042855845,48.847665158240034,S,c,r,e,e,n,s,h,o,t, ,2,0,2,1,-,1,2,-,1,6, ,0,9,3,5,1,2,.,p,n,g
1646822176.2665932,144,1646822209.1994326,1768.4896681373175,55.15649330751194,S,c,r,e,e,n,s,h,o,t, ,2,0,2,1,-,1,2,-,1,6, ,0,9,3,5,1,2,.,p,n,g
1646822176.2665932,145,1646822209.2536924,1785.174889616017,49.63951636344791,S,c,r,e,e,n,s,h,o,t, ,2,0,2,1,-,1,2,-,1,6, ,0,9,3,5,1,2,.,p,n,g
1646822176.2665932,146,1646822209.291486,1785.174889616017,49.63951636344791,S,c,r,e,e,n,s,h,o,t, ,2,0,2,1,-,1,2,-,1,6, ,0,9,3,5,1,2,.,p,n,g
1646822176.2665932,147,1646822209.3223984,1729.9012512867303,73.52119772044762,S,c,r,e,e,n,s,h,o,t, ,2,0,2,1,-,1,2,-,1,6, ,0,9,3,5,1,2,.,p,n,g
1646822176.2665932,148,1646822209.364245,1795.2761278848375,59.86362278265506,S,c,r,e,e,n,s,h,o,t, ,2,0,2,1,-,1,2,-,1,6, ,0,9,3,5,1,2,.,p,n,g
1646822176.2665932,149,1646822209.4302356,1739.3181589097476,21.94843485849833,S,c,r,e,e,n,s,h,o,t, ,2,0,2,1,-,1,2,-,1,6, ,0,9,3,5,1,2,.,p,n,g
1646822176.2665932,150,1646822209.4810996,1739.3181589097476,21.94843485849833,S,c,r,e,e,n,s,h,o,t, ,2,0,2,1,-,1,2,-,1,6, ,0,9,3,5,1,2,.,p,n,g
1646822176.2665932,151,1646822209.5109873,1749.3914162716028,18.69100654141357,S,c,r,e,e,n,s,h,o,t, ,2,0,2,1,-,1,2,-,1,6, ,0,9,3,5,1,2,.,p,n,g
1646822176.2665932,152,1646822209.541158,1844.8650717282653,164.81662606435884,S,c,r,e,e,n,s,h,o,t, ,2,0,2,1,-,1,2,-,1,6, ,0,9,3,5,1,2,.,p,n,g
1646822176.2665932,153,1646822209.6057029,2753.5349836940477,818.3182706599746,S,c,r,e,e,n,s,h,o,t, ,2,0,2,1,-,1,2,-,1,6, ,0,9,3,5,1,2,.,p,n,g
1646822176.2665932,154,1646822209.6540847,2753.5349836940477,818.3182706599746,S,c,r,e,e,n,s,h,o,t, ,2,0,2,1,-,1,2,-,1,6, ,0,9,3,5,1,2,.,p,n,g
1646822176.2665932,155,1646822209.6959336,2588.049274209963,570.3080661270619,S,c,r,e,e,n,s,h,o,t, ,2,0,2,1,-,1,2,-,1,6, ,0,9,3,5,1,2,.,p,n,g
1646822176.2665932,156,1646822209.7282414,1974.0253199358085,316.969680953634,S,c,r,e,e,n,s,h,o,t, ,2,0,2,1,-,1,2,-,1,6, ,0,9,3,5,1,2,.,p,n,g
1646822176.2665932,157,1646822209.7807202,1903.957018731453,264.8478280792842,S,c,r,e,e,n,s,h,o,t, ,2,0,2,1,-,1,2,-,1,6, ,0,9,3,5,1,2,.,p,n,g
1646822176.2665932,158,1646822209.8452568,1807.5992392879089,242.846358034481,S,c,r,e,e,n,s,h,o,t, ,2,0,2,1,-,1,2,-,1,6, ,0,9,3,5,1,2,.,p,n,g
1646822176.2665932,159,1646822209.8871436,1807.5992392879089,242.846358034481,S,c,r,e,e,n,s,h,o,t, ,2,0,2,1,-,1,2,-,1,6, ,0,9,3,5,1,2,.,p,n,g
1646822176.2665932,160,1646822209.9300466,1891.587817287491,279.3043493123032,S,c,r,e,e,n,s,h,o,t, ,2,0,2,1,-,1,2,-,1,6, ,0,9,3,5,1,2,.,p,n,g
1646822176.2665932,161,1646822209.9599497,1738.9955501639342,440.0908957920801,S,c,r,e,e,n,s,h,o,t, ,2,0,2,1,-,1,2,-,1,6, ,0,9,3,5,1,2,.,p,n,g
1646822176.2665932,162,1646822210.0202665,1627.4953807244783,450.3500371294476,S,c,r,e,e,n,s,h,o,t, ,2,0,2,1,-,1,2,-,1,6, ,0,9,3,5,1,2,.,p,n,g
1646822176.2665932,163,1646822210.0512187,1627.4953807244783,450.3500371294476,S,c,r,e,e,n,s,h,o,t, ,2,0,2,1,-,1,2,-,1,6, ,0,9,3,5,1,2,.,p,n,g
1646822176.2665932,164,1646822210.084089,1569.030455125645,442.20852281636644,S,c,r,e,e,n,s,h,o,t, ,2,0,2,1,-,1,2,-,1,6, ,0,9,3,5,1,2,.,p,n,g
1646822176.2665932,165,1646822210.1501937,1671.3490756264728,412.35632568350866,S,c,r,e,e,n,s,h,o,t, ,2,0,2,1,-,1,2,-,1,6, ,0,9,3,5,1,2,.,p,n,g
1646822176.2665932,166,1646822210.1961088,1582.4189103070203,356.9948620567143,S,c,r,e,e,n,s,h,o,t, ,2,0,2,1,-,1,2,-,1,6, ,0,9,3,5,1,2,.,p,n,g
1646822176.2665932,167,1646822210.262291,1589.3628475981532,347.69932268249204,S,c,r,e,e,n,s,h,o,t, ,2,0,2,1,-,1,2,-,1,6, ,0,9,3,5,1,2,.,p,n,g
1646822176.2665932,168,1646822210.3131561,1589.3628475981532,347.69932268249204,S,c,r,e,e,n,s,h,o,t, ,2,0,2,1,-,1,2,-,1,6, ,0,9,3,5,1,2,.,p,n,g
1646822176.2665932,169,1646822210.343211,1559.5265584665322,294.8508785791587,S,c,r,e,e,n,s,h,o,t, ,2,0,2,1,-,1,2,-,1,6, ,0,9,3,5,1,2,.,p,n,g
1646822176.2665932,170,1646822210.3888412,1583.0532038770361,153.2676986318006,S,c,r,e,e,n,s,h,o,t, ,2,0,2,1,-,1,2,-,1,6, ,0,9,3,5,1,2,.,p,n,g
1646822176.2665932,171,1646822210.427708,1583.0532038770361,153.2676986318006,S,c,r,e,e,n,s,h,o,t, ,2,0,2,1,-,1,2,-,1,6, ,0,9,3,5,1,2,.,p,n,g
1646822176.2665932,172,1646822210.4695544,1500.4834559341616,184.05885448562412,S,c,r,e,e,n,s,h,o,t, ,2,0,2,1,-,1,2,-,1,6, ,0,9,3,5,1,2,.,p,n,g
1646822176.2665932,173,1646822210.503466,1500.0583883058207,248.8705196896808,S,c,r,e,e,n,s,h,o,t, ,2,0,2,1,-,1,2,-,1,6, ,0,9,3,5,1,2,.,p,n,g
1646822176.2665932,174,1646822210.566489,1656.581533583645,248.17692677492096,S,c,r,e,e,n,s,h,o,t, ,2,0,2,1,-,1,2,-,1,6, ,0,9,3,5,1,2,.,p,n,g
1646822176.2665932,175,1646822210.6064177,1656.581533583645,248.17692677492096,S,c,r,e,e,n,s,h,o,t, ,2,0,2,1,-,1,2,-,1,6, ,0,9,3,5,1,2,.,p,n,g
1646822176.2665932,176,1646822210.6383464,1808.748375466599,166.63499582754503,S,c,r,e,e,n,s,h,o,t, ,2,0,2,1,-,1,2,-,1,6, ,0,9,3,5,1,2,.,p,n,g
1646822176.2665932,177,1646822210.6772833,1815.7812108226972,180.82260844932944,S,c,r,e,e,n,s,h,o,t, ,2,0,2,1,-,1,2,-,1,6, ,0,9,3,5,1,2,.,p,n,g
1646822176.2665932,178,1646822210.7423346,1773.350537740418,179.95718786793623,S,c,r,e,e,n,s,h,o,t, ,2,0,2,1,-,1,2,-,1,6, ,0,9,3,5,1,2,.,p,n,g
1646822176.2665932,179,1646822210.7872133,1773.350537740418,179.95718786793623,S,c,r,e,e,n,s,h,o,t, ,2,0,2,1,-,1,2,-,1,6, ,0,9,3,5,1,2,.,p,n,g
1646822176.2665932,180,1646822210.8181307,1761.9340333523614,169.06724185327857,S,c,r,e,e,n,s,h,o,t, ,2,0,2,1,-,1,2,-,1,6, ,0,9,3,5,1,2,.,p,n,g
1646822176.2665932,181,1646822210.86927,1802.889089566812,166.10780061811784,S,c,r,e,e,n,s,h,o,t, ,2,0,2,1,-,1,2,-,1,6, ,0,9,3,5,1,2,.,p,n,g
1646822176.2665932,182,1646822210.90713,1802.889089566812,166.10780061811784,S,c,r,e,e,n,s,h,o,t, ,2,0,2,1,-,1,2,-,1,6, ,0,9,3,5,1,2,.,p,n,g
1646822176.2665932,183,1646822210.9495027,1732.8276700697534,276.9929773532999,S,c,r,e,e,n,s,h,o,t, ,2,0,2,1,-,1,2,-,1,6, ,0,9,3,5,1,2,.,p,n,g
1646822176.2665932,184,1646822210.9839547,1591.1883995999851,389.312568219093,S,c,r,e,e,n,s,h,o,t, ,2,0,2,1,-,1,2,-,1,6, ,0,9,3,5,1,2,.,p,n,g
1646822176.2665932,185,1646822211.045289,1622.5697220334187,401.1227535710573,S,c,r,e,e,n,s,h,o,t, ,2,0,2,1,-,1,2,-,1,6, ,0,9,3,5,1,2,.,p,n,g
1646822176.2665932,186,1646822211.0917432,1651.663610808002,395.5814544040413,S,c,r,e,e,n,s,h,o,t, ,2,0,2,1,-,1,2,-,1,6, ,0,9,3,5,1,2,.,p,n,g
1646822176.2665932,187,1646822211.123638,1651.663610808002,395.5814544040413,S,c,r,e,e,n,s,h,o,t, ,2,0,2,1,-,1,2,-,1,6, ,0,9,3,5,1,2,.,p,n,g
1646822176.2665932,188,1646822211.1575499,1615.7235043026703,385.5786408597114,S,c,r,e,e,n,s,h,o,t, ,2,0,2,1,-,1,2,-,1,6, ,0,9,3,5,1,2,.,p,n,g
1646822176.2665932,189,1646822211.2233803,1605.7639358401357,356.29715290423746,S,c,r,e,e,n,s,h,o,t, ,2,0,2,1,-,1,2,-,1,6, ,0,9,3,5,1,2,.,p,n,g
1646822176.2665932,190,1646822211.2693067,1605.7639358401357,356.29715290423746,S,c,r,e,e,n,s,h,o,t, ,2,0,2,1,-,1,2,-,1,6, ,0,9,3,5,1,2,.,p,n,g
1646822176.2665932,191,1646822211.3002105,1583.7426124409358,349.35933609315225,S,c,r,e,e,n,s,h,o,t, ,2,0,2,1,-,1,2,-,1,6, ,0,9,3,5,1,2,.,p,n,g
1646822176.2665932,192,1646822211.3331237,1613.0574134939743,357.6395275894183,S,c,r,e,e,n,s,h,o,t, ,2,0,2,1,-,1,2,-,1,6, ,0,9,3,5,1,2,.,p,n,g
1646822176.2665932,193,1646822211.3996642,1623.7281840659343,340.63554209055064,S,c,r,e,e,n,s,h,o,t, ,2,0,2,1,-,1,2,-,1,6, ,0,9,3,5,1,2,.,p,n,g
1646822176.2665932,194,1646822211.446201,1623.7281840659343,340.63554209055064,S,c,r,e,e,n,s,h,o,t, ,2,0,2,1,-,1,2,-,1,6, ,0,9,3,5,1,2,.,p,n,g
1646822176.2665932,195,1646822211.4770355,1576.1318722840406,357.580712198765,S,c,r,e,e,n,s,h,o,t, ,2,0,2,1,-,1,2,-,1,6, ,0,9,3,5,1,2,.,p,n,g
1646822176.2665932,196,1646822211.5239398,1622.5861995507294,347.34977621390635,S,c,r,e,e,n,s,h,o,t, ,2,0,2,1,-,1,2,-,1,6, ,0,9,3,5,1,2,.,p,n,g
1646822176.2665932,197,1646822211.5721612,1656.1742082757155,326.1403156812189,S,c,r,e,e,n,s,h,o,t, ,2,0,2,1,-,1,2,-,1,6, ,0,9,3,5,1,2,.,p,n,g
1646822176.2665932,198,1646822211.6371348,1843.2176560842308,166.0065500124415,S,c,r,e,e,n,s,h,o,t, ,2,0,2,1,-,1,2,-,1,6, ,0,9,3,5,1,2,.,p,n,g
1646822176.2665932,199,1646822211.679058,1843.2176560842308,166.0065500124415,S,c,r,e,e,n,s,h,o,t, ,2,0,2,1,-,1,2,-,1,6, ,0,9,3,5,1,2,.,p,n,g
1646822176.2665932,200,1646822211.7119372,1857.7963417512183,145.00209442090954,S,c,r,e,e,n,s,h,o,t, ,2,0,2,1,-,1,2,-,1,6, ,0,9,3,5,1,2,.,p,n,g
1646822176.2665932,201,1646822211.7647893,1805.6103262632787,123.16359021094058,S,c,r,e,e,n,s,h,o,t, ,2,0,2,1,-,1,2,-,1,6, ,0,9,3,5,1,2,.,p,n,g
1646822176.2665932,202,1646822211.8036833,1805.6103262632787,123.16359021094058,S,c,r,e,e,n,s,h,o,t, ,2,0,2,1,-,1,2,-,1,6, ,0,9,3,5,1,2,.,p,n,g
1646822176.2665932,203,1646822211.8376286,1921.1986971345068,112.01676093681908,S,c,r,e,e,n,s,h,o,t, ,2,0,2,1,-,1,2,-,1,6, ,0,9,3,5,1,2,.,p,n,g
1646822176.2665932,204,1646822211.8765252,1875.6954276903525,126.12348969215373,S,c,r,e,e,n,s,h,o,t, ,2,0,2,1,-,1,2,-,1,6, ,0,9,3,5,1,2,.,p,n,g
1646822176.2665932,205,1646822211.910434,1875.6954276903525,126.12348969215373,S,c,r,e,e,n,s,h,o,t, ,2,0,2,1,-,1,2,-,1,6, ,0,9,3,5,1,2,.,p,n,g
1646822176.2665932,206,1646822211.9443932,1891.8012696943333,129.92316457811967,S,c,r,e,e,n,s,h,o,t, ,2,0,2,1,-,1,2,-,1,6, ,0,9,3,5,1,2,.,p,n,g
1646822176.2665932,207,1646822212.0042343,1912.825209458686,118.27459965963726,S,c,r,e,e,n,s,h,o,t, ,2,0,2,1,-,1,2,-,1,6, ,0,9,3,5,1,2,.,p,n,g
1646822176.2665932,208,1646822212.046258,1912.825209458686,118.27459965963726,S,c,r,e,e,n,s,h,o,t, ,2,0,2,1,-,1,2,-,1,6, ,0,9,3,5,1,2,.,p,n,g
1646822176.2665932,209,1646822212.0811522,1868.265469803082,103.35472683407488,S,c,r,e,e,n,s,h,o,t, ,2,0,2,1,-,1,2,-,1,6, ,0,9,3,5,1,2,.,p,n,g
1646822176.2665932,210,1646822212.1170223,1888.7365139382637,112.6578014615202,S,c,r,e,e,n,s,h,o,t, ,2,0,2,1,-,1,2,-,1,6, ,0,9,3,5,1,2,.,p,n,g
1646822176.2665932,211,1646822212.1808786,1876.979046540182,105.70373239654873,S,c,r,e,e,n,s,h,o,t, ,2,0,2,1,-,1,2,-,1,6, ,0,9,3,5,1,2,.,p,n,g
1646822176.2665932,212,1646822212.2446592,1846.3319837155213,100.83397173781896,S,c,r,e,e,n,s,h,o,t, ,2,0,2,1,-,1,2,-,1,6, ,0,9,3,5,1,2,.,p,n,g
1646822176.2665932,213,1646822212.2925782,1871.4532557167659,101.36619851860723,S,c,r,e,e,n,s,h,o,t, ,2,0,2,1,-,1,2,-,1,6, ,0,9,3,5,1,2,.,p,n,g
1646822176.2665932,214,1646822212.3369977,1871.4532557167659,101.36619851860723,S,c,r,e,e,n,s,h,o,t, ,2,0,2,1,-,1,2,-,1,6, ,0,9,3,5,1,2,.,p,n,g
1646822176.2665932,215,1646822212.3719382,1871.1222741829915,97.25958255278283,S,c,r,e,e,n,s,h,o,t, ,2,0,2,1,-,1,2,-,1,6, ,0,9,3,5,1,2,.,p,n,g
1646822176.2665932,216,1646822212.420505,1921.2731890807336,97.30782781935977,S,c,r,e,e,n,s,h,o,t, ,2,0,2,1,-,1,2,-,1,6, ,0,9,3,5,1,2,.,p,n,g
1646822176.2665932,217,1646822212.453422,1921.2731890807336,97.30782781935977,S,c,r,e,e,n,s,h,o,t, ,2,0,2,1,-,1,2,-,1,6, ,0,9,3,5,1,2,.,p,n,g
1646822176.2665932,218,1646822212.4883306,1970.4493802864781,103.83211530011295,S,c,r,e,e,n,s,h,o,t, ,2,0,2,1,-,1,2,-,1,6, ,0,9,3,5,1,2,.,p,n,g
1646822176.2665932,219,1646822212.5326858,1959.7367507851377,118.8893196648246,S,c,r,e,e,n,s,h,o,t, ,2,0,2,1,-,1,2,-,1,6, ,0,9,3,5,1,2,.,p,n,g
1646822176.2665932,220,1646822212.596269,1992.8090579104646,115.32315830333255,S,c,r,e,e,n,s,h,o,t, ,2,0,2,1,-,1,2,-,1,6, ,0,9,5,3,5,1,.,p,n,g
1646822176.2665932,221,1646822214.0861926,719.7532650448411,568.2652545467213,S,c,r,e,e,n,s,h,o,t, ,2,0,2,1,-,1,2,-,1,6, ,0,9,5,3,5,1,.,p,n,g
1646822176.2665932,222,1646822214.128078,719.7532650448411,568.2652545467213,S,c,r,e,e,n,s,h,o,t, ,2,0,2,1,-,1,2,-,1,6, ,0,9,5,3,5,1,.,p,n,g
1646822176.2665932,223,1646822214.1659899,704.1949864592953,600.2865492784631,S,c,r,e,e,n,s,h,o,t, ,2,0,2,1,-,1,2,-,1,6, ,0,9,5,3,5,1,.,p,n,g
1646822176.2665932,224,1646822214.2130852,688.9185729980472,610.7248479815848,S,c,r,e,e,n,s,h,o,t, ,2,0,2,1,-,1,2,-,1,6, ,0,9,5,3,5,1,.,p,n,g
1646822176.2665932,225,1646822214.2792366,1298.3902208761901,445.31150101359526,S,c,r,e,e,n,s,h,o,t, ,2,0,2,1,-,1,2,-,1,6, ,0,9,5,3,5,1,.,p,n,g
1646822176.2665932,226,1646822214.319288,1298.3902208761901,445.31150101359526,S,c,r,e,e,n,s,h,o,t, ,2,0,2,1,-,1,2,-,1,6, ,0,9,5,3,5,1,.,p,n,g
1646822176.2665932,227,1646822214.3620257,1420.7773545797318,441.5228655312644,S,c,r,e,e,n,s,h,o,t, ,2,0,2,1,-,1,2,-,1,6, ,0,9,5,3,5,1,.,p,n,g
1646822176.2665932,228,1646822214.411899,1404.5397906832986,424.4015361253478,S,c,r,e,e,n,s,h,o,t, ,2,0,2,1,-,1,2,-,1,6, ,0,9,5,3,5,1,.,p,n,g
1646822176.2665932,229,1646822214.4521284,1378.1835693529065,443.14272307536794,S,c,r,e,e,n,s,h,o,t, ,2,0,2,1,-,1,2,-,1,6, ,0,9,5,3,5,1,.,p,n,g
1646822176.2665932,230,1646822214.5010061,1378.1835693529065,443.14272307536794,S,c,r,e,e,n,s,h,o,t, ,2,0,2,1,-,1,2,-,1,6, ,0,9,5,3,5,1,.,p,n,g
1646822176.2665932,231,1646822214.539902,1427.5567237208452,442.57722227580734,S,c,r,e,e,n,s,h,o,t, ,2,0,2,1,-,1,2,-,1,6, ,0,9,5,3,5,1,.,p,n,g
1646822176.2665932,232,1646822214.5787966,1704.5836878492992,290.06847257027994,S,c,r,e,e,n,s,h,o,t, ,2,0,2,1,-,1,2,-,1,6, ,0,9,5,3,5,1,.,p,n,g
1646822176.2665932,233,1646822214.6292813,1667.4499170152922,202.46893702221587,S,c,r,e,e,n,s,h,o,t, ,2,0,2,1,-,1,2,-,1,6, ,0,9,5,3,5,1,.,p,n,g
1646822176.2665932,234,1646822214.675166,1667.4499170152922,202.46893702221587,S,c,r,e,e,n,s,h,o,t, ,2,0,2,1,-,1,2,-,1,6, ,0,9,5,3,5,1,.,p,n,g
1646822176.2665932,235,1646822214.7150578,1649.3045021902471,202.92820298789593,S,c,r,e,e,n,s,h,o,t, ,2,0,2,1,-,1,2,-,1,6, ,0,9,5,3,5,1,.,p,n,g
1646822176.2665932,236,1646822214.7559924,1688.947965669693,190.07852476840662,S,c,r,e,e,n,s,h,o,t, ,2,0,2,1,-,1,2,-,1,6, ,0,9,5,3,5,1,.,p,n,g
1646822176.2665932,237,1646822214.8132749,1670.0540296616346,201.70778287467465,S,c,r,e,e,n,s,h,o,t, ,2,0,2,1,-,1,2,-,1,6, ,0,9,5,3,5,1,.,p,n,g
1646822176.2665932,238,1646822214.8693345,1618.2588656280313,193.25345792058806,S,c,r,e,e,n,s,h,o,t, ,2,0,2,1,-,1,2,-,1,6, ,0,9,5,3,5,1,.,p,n,g
1646822176.2665932,239,1646822214.9131413,1618.2588656280313,193.25345792058806,S,c,r,e,e,n,s,h,o,t, ,2,0,2,1,-,1,2,-,1,6, ,0,9,5,3,5,1,.,p,n,g
1646822176.2665932,240,1646822214.9520793,1586.7210129154446,203.18101298388274,S,c,r,e,e,n,s,h,o,t, ,2,0,2,1,-,1,2,-,1,6, ,0,9,5,3,5,1,.,p,n,g
1646822176.2665932,241,1646822215.000949,1829.1263715537716,183.66943488521065,S,c,r,e,e,n,s,h,o,t, ,2,0,2,1,-,1,2,-,1,6, ,0,9,5,3,5,1,.,p,n,g
1646822176.2665932,242,1646822215.0452845,1894.373618950518,137.11492177732453,S,c,r,e,e,n,s,h,o,t, ,2,0,2,1,-,1,2,-,1,6, ,0,9,5,3,5,1,.,p,n,g
1646822176.2665932,243,1646822215.1087646,1929.8013110939319,116.2094905203021,S,c,r,e,e,n,s,h,o,t, ,2,0,2,1,-,1,2,-,1,6, ,0,9,5,3,5,1,.,p,n,g
1646822176.2665932,244,1646822215.1730628,1911.1842424049428,119.78111197966246,S,c,r,e,e,n,s,h,o,t, ,2,0,2,1,-,1,2,-,1,6, ,0,9,5,3,5,1,.,p,n,g
1646822176.2665932,245,1646822215.2139356,1911.1842424049428,119.78111197966246,S,c,r,e,e,n,s,h,o,t, ,2,0,2,1,-,1,2,-,1,6, ,0,9,5,3,5,1,.,p,n,g
1646822176.2665932,246,1646822215.261889,1919.2533288911436,120.57150387427782,S,c,r,e,e,n,s,h,o,t, ,2,0,2,1,-,1,2,-,1,6, ,0,9,5,3,5,1,.,p,n,g
1646822176.2665932,247,1646822215.300742,1885.8063183917548,123.30698103834129,S,c,r,e,e,n,s,h,o,t, ,2,0,2,1,-,1,2,-,1,6, ,0,9,5,3,5,1,.,p,n,g
1646822176.2665932,248,1646822215.3482955,1904.479752814459,123.12723355321623,S,c,r,e,e,n,s,h,o,t, ,2,0,2,1,-,1,2,-,1,6, ,0,9,5,3,5,1,.,p,n,g
1646822176.2665932,249,1646822215.4137197,1942.3690705411245,144.92227728509397,S,c,r,e,e,n,s,h,o,t, ,2,0,2,1,-,1,2,-,1,6, ,0,9,5,3,5,1,.,p,n,g
1646822176.2665932,250,1646822215.4651852,1961.5889700953776,145.04548370678367,S,c,r,e,e,n,s,h,o,t, ,2,0,2,1,-,1,2,-,1,6, ,0,9,5,3,5,1,.,p,n,g
1646822176.2665932,251,1646822215.525284,2002.1977623223502,121.64301144771389,S,c,r,e,e,n,s,h,o,t, ,2,0,2,1,-,1,2,-,1,6, ,0,9,5,3,5,1,.,p,n,g
1646822176.2665932,252,1646822215.5651665,2002.1977623223502,121.64301144771389,S,c,r,e,e,n,s,h,o,t, ,2,0,2,1,-,1,2,-,1,6, ,0,9,5,3,5,1,.,p,n,g
1646822176.2665932,253,1646822215.6050732,2006.6896320509732,128.17167655428648,S,c,r,e,e,n,s,h,o,t, ,2,0,2,1,-,1,2,-,1,6, ,0,9,5,3,5,1,.,p,n,g
1646822176.2665932,254,1646822215.6551213,1975.110575854047,142.27104171810242,S,c,r,e,e,n,s,h,o,t, ,2,0,2,1,-,1,2,-,1,6, ,0,9,5,3,5,1,.,p,n,g
1646822176.2665932,255,1646822215.7010117,1972.7490276765857,134.29991584783102,S,c,r,e,e,n,s,h,o,t, ,2,0,2,1,-,1,2,-,1,6, ,0,9,5,3,5,1,.,p,n,g
1646822176.2665932,256,1646822215.7647278,1945.8429676003361,139.77929338675722,S,c,r,e,e,n,s,h,o,t, ,2,0,2,1,-,1,2,-,1,6, ,0,9,5,3,5,1,.,p,n,g
1646822176.2665932,257,1646822215.8076563,1945.8429676003361,139.77929338675722,S,c,r,e,e,n,s,h,o,t, ,2,0,2,1,-,1,2,-,1,6, ,0,9,5,3,5,1,.,p,n,g
1646822176.2665932,258,1646822215.866165,1996.1252471358239,130.7949208114096,S,c,r,e,e,n,s,h,o,t, ,2,0,2,1,-,1,2,-,1,6, ,0,9,5,3,5,1,.,p,n,g
1646822176.2665932,259,1646822215.905241,2076.9179522513514,136.05843127349272,S,c,r,e,e,n,s,h,o,t, ,2,0,2,1,-,1,2,-,1,6, ,0,9,5,3,5,1,.,p,n,g
1646822176.2665932,260,1646822215.943957,2023.3828264263539,140.66084197291275,S,c,r,e,e,n,s,h,o,t, ,2,0,2,1,-,1,2,-,1,6, ,0,9,5,3,5,1,.,p,n,g
1646822176.2665932,261,1646822216.0059114,2090.523751773082,140.1760583764958,S,c,r,e,e,n,s,h,o,t, ,2,0,2,1,-,1,2,-,1,6, ,0,9,5,3,5,1,.,p,n,g
1646822176.2665932,262,1646822216.058762,2090.523751773082,140.1760583764958,S,c,r,e,e,n,s,h,o,t, ,2,0,2,1,-,1,2,-,1,6, ,0,9,5,3,5,1,.,p,n,g
1646822176.2665932,263,1646822216.0976448,2060.0091178284456,167.79843569864124,S,c,r,e,e,n,s,h,o,t, ,2,0,2,1,-,1,2,-,1,6, ,0,9,5,3,5,1,.,p,n,g
1646822176.2665932,264,1646822216.1392066,2068.6766809828223,145.08860047446342,S,c,r,e,e,n,s,h,o,t, ,2,0,2,1,-,1,2,-,1,6, ,0,9,5,3,5,1,.,p,n,g
1646822176.2665932,265,1646822216.1801133,2072.887947285879,147.50722439675383,S,c,r,e,e,n,s,h,o,t, ,2,0,2,1,-,1,2,-,1,6, ,0,9,5,3,5,1,.,p,n,g
1646822176.2665932,266,1646822216.2459464,2011.7648689143425,135.49923296811858,S,c,r,e,e,n,s,h,o,t, ,2,0,2,1,-,1,2,-,1,6, ,0,9,5,3,5,1,.,p,n,g
1646822176.2665932,267,1646822216.2998035,2011.7648689143425,135.49923296811858,S,c,r,e,e,n,s,h,o,t, ,2,0,2,1,-,1,2,-,1,6, ,0,9,5,3,5,1,.,p,n,g
1646822176.2665932,268,1646822216.340694,2015.421468013701,124.16111639657947,S,c,r,e,e,n,s,h,o,t, ,2,0,2,1,-,1,2,-,1,6, ,0,9,5,3,5,1,.,p,n,g
1646822176.2665932,269,1646822216.3785918,1983.5396797080502,123.72505075882918,S,c,r,e,e,n,s,h,o,t, ,2,0,2,1,-,1,2,-,1,6, ,0,9,5,3,5,1,.,p,n,g
1646822176.2665932,270,1646822216.4205294,2049.28101749103,138.26017876333344,S,c,r,e,e,n,s,h,o,t, ,2,0,2,1,-,1,2,-,1,6, ,0,9,5,3,5,1,.,p,n,g
1646822176.2665932,271,1646822216.4574356,2049.28101749103,138.26017876333344,S,c,r,e,e,n,s,h,o,t, ,2,0,2,1,-,1,2,-,1,6, ,0,9,5,3,5,1,.,p,n,g
1646822176.2665932,272,1646822216.5063,2027.590897078746,126.68925826714849,S,c,r,e,e,n,s,h,o,t, ,2,0,2,1,-,1,2,-,1,6, ,0,9,5,3,5,1,.,p,n,g
1646822176.2665932,273,1646822216.548189,2007.361679713431,145.45099119449242,S,c,r,e,e,n,s,h,o,t, ,2,0,2,1,-,1,2,-,1,6, ,0,9,5,3,5,1,.,p,n,g
1646822176.2665932,274,1646822216.596698,1999.6569899907918,150.49457756872425,S,c,r,e,e,n,s,h,o,t, ,2,0,2,1,-,1,2,-,1,6, ,0,9,5,3,5,1,.,p,n,g
1646822176.2665932,275,1646822216.647553,1999.6569899907918,150.49457756872425,S,c,r,e,e,n,s,h,o,t, ,2,0,2,1,-,1,2,-,1,6, ,0,9,5,3,5,1,.,p,n,g
1646822176.2665932,276,1646822216.6974192,2012.2589645809676,143.65343982220884,S,c,r,e,e,n,s,h,o,t, ,2,0,2,1,-,1,2,-,1,6, ,0,9,5,3,5,1,.,p,n,g
1646822176.2665932,277,1646822216.754438,2101.435726134121,160.65263095448836,S,c,r,e,e,n,s,h,o,t, ,2,0,2,1,-,1,2,-,1,6, ,0,9,5,3,5,1,.,p,n,g
1646822176.2665932,278,1646822216.7943335,2124.3037445339723,157.7798632429167,S,c,r,e,e,n,s,h,o,t, ,2,0,2,1,-,1,2,-,1,6, ,0,9,5,3,5,1,.,p,n,g
1646822176.2665932,279,1646822216.8372529,2148.938847247682,150.36322122873526,S,c,r,e,e,n,s,h,o,t, ,2,0,2,1,-,1,2,-,1,6, ,0,9,5,3,5,1,.,p,n,g
1646822176.2665932,280,1646822216.9017086,2127.8133878142544,149.293138523803,S,c,r,e,e,n,s,h,o,t, ,2,0,2,1,-,1,2,-,1,6, ,0,9,5,3,5,1,.,p,n,g
1646822176.2665932,281,1646822216.9495366,2127.8133878142544,149.293138523803,S,c,r,e,e,n,s,h,o,t, ,2,0,2,1,-,1,2,-,1,6, ,0,9,5,3,5,1,.,p,n,g
1646822176.2665932,282,1646822216.9874778,2169.05701156778,137.69572432786435,S,c,r,e,e,n,s,h,o,t, ,2,0,2,1,-,1,2,-,1,6, ,0,9,5,3,5,1,.,p,n,g
1646822176.2665932,283,1646822217.0363448,2181.2762506154904,131.1226575588712,S,c,r,e,e,n,s,h,o,t, ,2,0,2,1,-,1,2,-,1,6, ,0,9,5,3,5,1,.,p,n,g
1646822176.2665932,284,1646822217.0762382,2111.749972514259,139.1955582487567,S,c,r,e,e,n,s,h,o,t, ,2,0,2,1,-,1,2,-,1,6, ,0,9,5,3,5,1,.,p,n,g
1646822176.2665932,285,1646822217.1407223,2064.268455776164,150.93663679130032,S,c,r,e,e,n,s,h,o,t, ,2,0,2,1,-,1,2,-,1,6, ,0,9,5,3,5,1,.,p,n,g
1646822176.2665932,286,1646822217.189709,2064.268455776164,150.93663679130032,S,c,r,e,e,n,s,h,o,t, ,2,0,2,1,-,1,2,-,1,6, ,0,9,5,3,5,1,.,p,n,g
1646822176.2665932,287,1646822217.2274344,2082.0509218995867,157.2946581527258,S,c,r,e,e,n,s,h,o,t, ,2,0,2,1,-,1,2,-,1,6, ,0,9,5,3,5,1,.,p,n,g
1646822176.2665932,288,1646822217.2769415,2060.722441323309,148.24656575653398,S,c,r,e,e,n,s,h,o,t, ,2,0,2,1,-,1,2,-,1,6, ,0,9,5,3,5,1,.,p,n,g
1646822176.2665932,289,1646822217.3257687,2078.6013356035655,155.08194619350934,S,c,r,e,e,n,s,h,o,t, ,2,0,2,1,-,1,2,-,1,6, ,0,9,5,3,5,1,.,p,n,g
1646822176.2665932,290,1646822217.3829567,2066.8894185456593,161.14269111015756,S,c,r,e,e,n,s,h,o,t, ,2,0,2,1,-,1,2,-,1,6, ,0,9,5,3,5,1,.,p,n,g
1646822176.2665932,291,1646822217.4456418,2088.1693171190454,168.22573176538117,S,c,r,e,e,n,s,h,o,t, ,2,0,2,1,-,1,2,-,1,6, ,0,9,5,3,5,1,.,p,n,g
1646822176.2665932,292,1646822217.5082653,2136.365849525053,160.62476466889666,S,c,r,e,e,n,s,h,o,t, ,2,0,2,1,-,1,2,-,1,6, ,0,9,5,3,5,1,.,p,n,g
1646822176.2665932,293,1646822217.5568094,2180.484529582096,166.78760429723525,S,c,r,e,e,n,s,h,o,t, ,2,0,2,1,-,1,2,-,1,6, ,0,9,5,3,5,1,.,p,n,g
1646822176.2665932,294,1646822217.595516,2180.484529582096,166.78760429723525,S,c,r,e,e,n,s,h,o,t, ,2,0,2,1,-,1,2,-,1,6, ,0,9,5,3,5,1,.,p,n,g
1646822176.2665932,295,1646822217.6354108,2169.6694135187026,170.9262207635029,S,c,r,e,e,n,s,h,o,t, ,2,0,2,1,-,1,2,-,1,6, ,0,9,5,3,5,1,.,p,n,g
1646822176.2665932,296,1646822217.6872344,2203.935230602605,188.71565422852882,S,c,r,e,e,n,s,h,o,t, ,2,0,2,1,-,1,2,-,1,6, ,0,9,5,3,5,1,.,p,n,g
1646822176.2665932,297,1646822217.731161,2203.935230602605,188.71565422852882,S,c,r,e,e,n,s,h,o,t, ,2,0,2,1,-,1,2,-,1,6, ,0,9,5,3,5,1,.,p,n,g
1646822176.2665932,298,1646822217.7701085,2256.7761654090064,167.52739807707394,S,c,r,e,e,n,s,h,o,t, ,2,0,2,1,-,1,2,-,1,6, ,0,9,5,3,5,1,.,p,n,g
1646822176.2665932,299,1646822217.8069892,2250.2954909107466,169.16945994263597,S,c,r,e,e,n,s,h,o,t, ,2,0,2,1,-,1,2,-,1,6, ,0,9,5,3,5,1,.,p,n,g
1646822176.2665932,300,1646822217.860662,2227.8164043742763,170.5415538750076,S,c,r,e,e,n,s,h,o,t, ,2,0,2,1,-,1,2,-,1,6, ,0,9,5,3,5,1,.,p,n,g
1646822176.2665932,301,1646822217.9025488,2227.8164043742763,170.5415538750076,S,c,r,e,e,n,s,h,o,t, ,2,0,2,1,-,1,2,-,1,6, ,0,9,5,3,5,1,.,p,n,g
1646822176.2665932,302,1646822217.9524152,2178.58822416978,170.43713943939974,S,c,r,e,e,n,s,h,o,t, ,2,0,2,1,-,1,2,-,1,6, ,0,9,5,3,5,1,.,p,n,g
1646822176.2665932,303,1646822218.0012834,2179.88097755711,156.5849686881702,S,c,r,e,e,n,s,h,o,t, ,2,0,2,1,-,1,2,-,1,6, ,0,9,5,3,5,1,.,p,n,g
1646822176.2665932,304,1646822218.0381842,2149.4017680979305,179.38976994263612,S,c,r,e,e,n,s,h,o,t, ,2,0,2,1,-,1,2,-,1,6, ,0,9,5,3,5,1,.,p,n,g
1646822176.2665932,305,1646822218.101701,2191.232677811855,165.18812111865327,S,c,r,e,e,n,s,h,o,t, ,2,0,2,1,-,1,2,-,1,6, ,0,9,5,3,5,1,.,p,n,g
1646822176.2665932,306,1646822218.14061,2191.232677811855,165.18812111865327,S,c,r,e,e,n,s,h,o,t, ,2,0,2,1,-,1,2,-,1,6, ,0,9,5,3,5,1,.,p,n,g
1646822176.2665932,307,1646822218.182914,2197.2191427838297,173.96213791154833,S,c,r,e,e,n,s,h,o,t, ,2,0,2,1,-,1,2,-,1,6, ,0,9,5,3,5,1,.,p,n,g
1646822176.2665932,308,1646822218.2208357,2174.662234779742,184.54183617641684,S,c,r,e,e,n,s,h,o,t, ,2,0,2,1,-,1,2,-,1,6, ,0,9,5,3,5,1,.,p,n,g
1646822176.2665932,309,1646822218.2772827,2209.9580049018296,171.29089803660872,S,c,r,e,e,n,s,h,o,t, ,2,0,2,1,-,1,2,-,1,6, ,0,9,5,3,5,1,.,p,n,g
1646822176.2665932,310,1646822218.3271458,2209.9580049018296,171.29089803660872,S,c,r,e,e,n,s,h,o,t, ,2,0,2,1,-,1,2,-,1,6, ,0,9,5,3,5,1,.,p,n,g
1646822176.2665932,311,1646822218.374031,2186.800814372382,161.9493414948206,S,c,r,e,e,n,s,h,o,t, ,2,0,2,1,-,1,2,-,1,6, ,0,9,5,3,5,1,.,p,n,g
1646822176.2665932,312,1646822218.412939,2256.3724597985747,165.81472289647127,S,c,r,e,e,n,s,h,o,t, ,2,0,2,1,-,1,2,-,1,6, ,0,9,5,3,5,1,.,p,n,g
1646822176.2665932,313,1646822218.452819,2313.568288252831,172.22937248644985,S,c,r,e,e,n,s,h,o,t, ,2,0,2,1,-,1,2,-,1,6, ,0,9,5,3,5,1,.,p,n,g
1646822176.2665932,314,1646822218.5006878,2313.568288252831,172.22937248644985,S,c,r,e,e,n,s,h,o,t, ,2,0,2,1,-,1,2,-,1,6, ,0,9,5,3,5,1,.,p,n,g
1646822176.2665932,315,1646822218.5375507,2296.263076419902,158.94919110678575,S,c,r,e,e,n,s,h,o,t, ,2,0,2,1,-,1,2,-,1,6, ,0,9,5,3,5,1,.,p,n,g
1646822176.2665932,316,1646822218.579778,2326.8188529069157,163.33855696600403,S,c,r,e,e,n,s,h,o,t, ,2,0,2,1,-,1,2,-,1,6, ,0,9,5,3,5,1,.,p,n,g
1646822176.2665932,317,1646822218.6450956,2262.861411826638,169.50917748567554,S,c,r,e,e,n,s,h,o,t, ,2,0,2,1,-,1,2,-,1,6, ,0,9,5,3,5,1,.,p,n,g
1646822176.2665932,318,1646822218.695112,2265.0975330172114,327.69895461861097,S,c,r,e,e,n,s,h,o,t, ,2,0,2,1,-,1,2,-,1,6, ,0,9,5,3,5,1,.,p,n,g
1646822176.2665932,319,1646822218.7568886,2376.6652854521635,453.58123314574914,S,c,r,e,e,n,s,h,o,t, ,2,0,2,1,-,1,2,-,1,6, ,0,9,5,3,5,1,.,p,n,g
1646822176.2665932,320,1646822218.8009949,2376.6652854521635,453.58123314574914,S,c,r,e,e,n,s,h,o,t, ,2,0,2,1,-,1,2,-,1,6, ,0,9,5,3,5,1,.,p,n,g
1646822176.2665932,321,1646822218.838094,2423.6616603110742,456.13981507063863,S,c,r,e,e,n,s,h,o,t, ,2,0,2,1,-,1,2,-,1,6, ,0,9,5,3,5,1,.,p,n,g
1646822176.2665932,322,1646822218.886255,2408.9680267414406,447.66437055622964,S,c,r,e,e,n,s,h,o,t, ,2,0,2,1,-,1,2,-,1,6, ,0,9,5,3,5,1,.,p,n,g
1646822176.2665932,323,1646822218.9331279,2441.529434996748,439.7421354075859,S,c,r,e,e,n,s,h,o,t, ,2,0,2,1,-,1,2,-,1,6, ,0,9,5,3,5,1,.,p,n,g
1646822176.2665932,324,1646822218.9995975,2399.777990178958,384.3963232521878,S,c,r,e,e,n,s,h,o,t, ,2,0,2,1,-,1,2,-,1,6, ,0,9,5,3,5,1,.,p,n,g
1646822176.2665932,325,1646822219.0560384,2399.777990178958,384.3963232521878,S,c,r,e,e,n,s,h,o,t, ,2,0,2,1,-,1,2,-,1,6, ,0,9,5,3,5,1,.,p,n,g
1646822176.2665932,326,1646822219.0929866,2354.6306929226703,378.5841756444129,S,c,r,e,e,n,s,h,o,t, ,2,0,2,1,-,1,2,-,1,6, ,0,9,5,3,5,1,.,p,n,g
