Exp,Part,Stim,time,x,y,x_pro,y_pro
UV22MS,1664357398,18.jpg,1664357417.6545367,229.85629585742493,235.47722238716648,0.22985629585742492,0.23547722238716648
UV22MS,1664357398,18.jpg,1664357417.7206454,232.00658697479457,233.84576892535188,0.23200658697479457,0.2338457689253519
UV22MS,1664357398,18.jpg,1664357417.735691,232.00658697479457,233.84576892535188,0.23200658697479457,0.2338457689253519
UV22MS,1664357398,18.jpg,1664357417.7844417,259.9567891057016,264.8687911832287,0.2599567891057016,0.2648687911832287
UV22MS,1664357398,18.jpg,1664357417.7954416,259.9567891057016,264.8687911832287,0.2599567891057016,0.2648687911832287
UV22MS,1664357398,18.jpg,1664357417.8309677,332.8577380741428,262.2099622338712,0.33285773807414276,0.26220996223387116
UV22MS,1664357398,18.jpg,1664357417.839074,332.8577380741428,262.2099622338712,0.33285773807414276,0.26220996223387116
UV22MS,1664357398,18.jpg,1664357417.8959548,333.9011263501611,261.75308345560944,0.3339011263501611,0.26175308345560944
UV22MS,1664357398,18.jpg,1664357417.9069169,333.9011263501611,261.75308345560944,0.3339011263501611,0.26175308345560944
UV22MS,1664357398,18.jpg,1664357417.9615626,333.45122375684434,282.5265608492489,0.33345122375684433,0.2825265608492489
UV22MS,1664357398,18.jpg,1664357417.9685373,333.45122375684434,282.5265608492489,0.33345122375684433,0.2825265608492489
UV22MS,1664357398,18.jpg,1664357418.0071886,332.3385460900528,266.59922580657843,0.33233854609005276,0.2665992258065784
UV22MS,1664357398,18.jpg,1664357418.0773113,317.75547137313123,250.40420953850725,0.3177554713731312,0.2504042095385072
UV22MS,1664357398,18.jpg,1664357418.083287,317.75547137313123,250.40420953850725,0.3177554713731312,0.2504042095385072
UV22MS,1664357398,18.jpg,1664357418.1354904,299.42791649802183,211.09317337891088,0.2994279164980218,0.21109317337891087
UV22MS,1664357398,18.jpg,1664357418.143493,299.42791649802183,211.09317337891088,0.2994279164980218,0.21109317337891087
UV22MS,1664357398,18.jpg,1664357418.1990874,306.0986834104274,204.16434545719557,0.3060986834104274,0.20416434545719556
UV22MS,1664357398,18.jpg,1664357418.2061148,306.0986834104274,204.16434545719557,0.3060986834104274,0.20416434545719556
UV22MS,1664357398,18.jpg,1664357418.2468393,305.30548554042133,203.36540873919964,0.3053054855404213,0.20336540873919964
UV22MS,1664357398,18.jpg,1664357418.3178985,304.00115208586004,214.45731731446162,0.30400115208586004,0.21445731731446163
UV22MS,1664357398,18.jpg,1664357418.3348827,304.00115208586004,214.45731731446162,0.30400115208586004,0.21445731731446163
UV22MS,1664357398,18.jpg,1664357418.3753762,304.068267589783,207.87508628558695,0.304068267589783,0.20787508628558696
UV22MS,1664357398,18.jpg,1664357418.383536,304.068267589783,207.87508628558695,0.304068267589783,0.20787508628558696
UV22MS,1664357398,18.jpg,1664357418.4392135,300.2589554329573,214.36152642880853,0.3002589554329573,0.21436152642880854
UV22MS,1664357398,18.jpg,1664357418.4453683,300.2589554329573,214.36152642880853,0.3002589554329573,0.21436152642880854
UV22MS,1664357398,18.jpg,1664357418.4869602,310.2144313753942,195.38871672106998,0.31021443137539423,0.19538871672106997
UV22MS,1664357398,18.jpg,1664357418.55438,329.44045462681146,170.95248150595927,0.3294404546268115,0.17095248150595926
UV22MS,1664357398,18.jpg,1664357418.5674136,329.44045462681146,170.95248150595927,0.3294404546268115,0.17095248150595926
UV22MS,1664357398,18.jpg,1664357418.6150346,332.1715616173211,187.4450880479588,0.33217156161732114,0.18744508804795879
UV22MS,1664357398,18.jpg,1664357418.6210663,332.1715616173211,187.4450880479588,0.33217156161732114,0.18744508804795879
UV22MS,1664357398,18.jpg,1664357418.6802404,327.63158267532845,176.30289569164512,0.32763158267532844,0.17630289569164512
UV22MS,1664357398,18.jpg,1664357418.690253,327.63158267532845,176.30289569164512,0.32763158267532844,0.17630289569164512
UV22MS,1664357398,18.jpg,1664357418.7276435,313.00327455819803,175.6743777129674,0.31300327455819804,0.1756743777129674
UV22MS,1664357398,18.jpg,1664357418.7366433,313.00327455819803,175.6743777129674,0.31300327455819804,0.1756743777129674
UV22MS,1664357398,18.jpg,1664357418.7912157,286.2889029151549,179.96681262501016,0.2862889029151549,0.17996681262501016
UV22MS,1664357398,18.jpg,1664357418.8542178,284.8100439846211,168.99290842201157,0.28481004398462106,0.16899290842201156
UV22MS,1664357398,18.jpg,1664357418.8602147,284.8100439846211,168.99290842201157,0.28481004398462106,0.16899290842201156
UV22MS,1664357398,18.jpg,1664357418.918214,288.6773296081799,178.1943099097537,0.2886773296081799,0.1781943099097537
UV22MS,1664357398,18.jpg,1664357418.924215,288.6773296081799,178.1943099097537,0.2886773296081799,0.1781943099097537
UV22MS,1664357398,18.jpg,1664357418.9662144,283.33290976746486,172.82473749293717,0.28333290976746484,0.17282473749293717
UV22MS,1664357398,18.jpg,1664357418.9722142,283.33290976746486,172.82473749293717,0.28333290976746484,0.17282473749293717
UV22MS,1664357398,18.jpg,1664357419.0302145,291.9927902673821,181.80386426360323,0.29199279026738206,0.18180386426360323
UV22MS,1664357398,18.jpg,1664357419.0362144,291.9927902673821,181.80386426360323,0.29199279026738206,0.18180386426360323
UV22MS,1664357398,18.jpg,1664357419.0942144,299.85676523015627,177.98171547582623,0.29985676523015625,0.17798171547582622
UV22MS,1664357398,18.jpg,1664357419.1002152,299.85676523015627,177.98171547582623,0.29985676523015625,0.17798171547582622
UV22MS,1664357398,18.jpg,1664357419.1425266,301.86194269088287,179.41384476170742,0.30186194269088285,0.17941384476170744
UV22MS,1664357398,18.jpg,1664357419.2083359,300.4931430798066,179.97716046339218,0.3004931430798066,0.17997716046339218
UV22MS,1664357398,18.jpg,1664357419.2163475,300.4931430798066,179.97716046339218,0.3004931430798066,0.17997716046339218
UV22MS,1664357398,18.jpg,1664357419.2710352,299.2585617661955,175.37494539747857,0.2992585617661955,0.17537494539747858
UV22MS,1664357398,18.jpg,1664357419.2771888,299.2585617661955,175.37494539747857,0.2992585617661955,0.17537494539747858
UV22MS,1664357398,18.jpg,1664357419.33625,322.19613566586486,177.40461682751675,0.32219613566586486,0.17740461682751674
UV22MS,1664357398,18.jpg,1664357419.3462691,322.19613566586486,177.40461682751675,0.32219613566586486,0.17740461682751674
UV22MS,1664357398,18.jpg,1664357419.3845074,326.62454647434396,177.64899651958962,0.32662454647434397,0.17764899651958962
UV22MS,1664357398,18.jpg,1664357419.4535387,323.49117582683976,165.41100114737836,0.3234911758268398,0.16541100114737836
UV22MS,1664357398,18.jpg,1664357419.462562,323.49117582683976,165.41100114737836,0.3234911758268398,0.16541100114737836
UV22MS,1664357398,18.jpg,1664357419.5105298,324.9853555615499,161.4106389768278,0.3249853555615499,0.1614106389768278
UV22MS,1664357398,18.jpg,1664357419.5165288,324.9853555615499,161.4106389768278,0.3249853555615499,0.1614106389768278
UV22MS,1664357398,18.jpg,1664357419.5766492,327.3557884077297,169.23622786676407,0.32735578840772966,0.16923622786676407
UV22MS,1664357398,18.jpg,1664357419.5896482,327.3557884077297,169.23622786676407,0.32735578840772966,0.16923622786676407
UV22MS,1664357398,18.jpg,1664357419.6231883,327.3658029323452,166.42465907112742,0.32736580293234524,0.1664246590711274
UV22MS,1664357398,18.jpg,1664357419.6942124,307.6928816581517,171.44248556959252,0.3076928816581517,0.17144248556959252
UV22MS,1664357398,18.jpg,1664357419.7111979,307.6928816581517,171.44248556959252,0.3076928816581517,0.17144248556959252
UV22MS,1664357398,18.jpg,1664357419.7506547,294.4710091230646,176.03075015582186,0.2944710091230646,0.17603075015582187
UV22MS,1664357398,18.jpg,1664357419.757679,294.4710091230646,176.03075015582186,0.2944710091230646,0.17603075015582187
UV22MS,1664357398,18.jpg,1664357419.81664,297.8363766126545,178.7545508240129,0.2978363766126545,0.1787545508240129
UV22MS,1664357398,18.jpg,1664357419.8276544,297.8363766126545,178.7545508240129,0.2978363766126545,0.1787545508240129
UV22MS,1664357398,18.jpg,1664357419.863116,295.8043692639385,176.80431855180169,0.2958043692639385,0.17680431855180168
UV22MS,1664357398,18.jpg,1664357419.8711164,295.8043692639385,176.80431855180169,0.2958043692639385,0.17680431855180168
UV22MS,1664357398,18.jpg,1664357419.929184,296.2989477081488,174.09410842888767,0.2962989477081488,0.17409410842888767
UV22MS,1664357398,18.jpg,1664357419.9421952,296.2989477081488,174.09410842888767,0.2962989477081488,0.17409410842888767
UV22MS,1664357398,18.jpg,1664357419.9918454,296.5885639989714,179.38950610576967,0.2965885639989714,0.17938950610576967
UV22MS,1664357398,18.jpg,1664357420.0453932,293.33963422027495,161.14719942033457,0.2933396342202749,0.16114719942033456
UV22MS,1664357398,18.jpg,1664357420.063378,293.33963422027495,161.14719942033457,0.2933396342202749,0.16114719942033456
UV22MS,1664357398,18.jpg,1664357420.1029198,328.32152460133136,157.61128746835945,0.32832152460133135,0.15761128746835945
UV22MS,1664357398,18.jpg,1664357420.11092,328.32152460133136,157.61128746835945,0.32832152460133135,0.15761128746835945
UV22MS,1664357398,18.jpg,1664357420.1698833,335.73680186072994,157.56402975619594,0.33573680186072996,0.15756402975619593
UV22MS,1664357398,18.jpg,1664357420.1780229,335.73680186072994,157.56402975619594,0.33573680186072996,0.15756402975619593
UV22MS,1664357398,18.jpg,1664357420.2309754,333.05234932403306,152.44582952315423,0.33305234932403305,0.15244582952315422
UV22MS,1664357398,18.jpg,1664357420.2390358,333.05234932403306,152.44582952315423,0.33305234932403305,0.15244582952315422
UV22MS,1664357398,18.jpg,1664357420.2802577,339.8342870349747,145.05593988825743,0.3398342870349747,0.14505593988825743
UV22MS,1664357398,18.jpg,1664357420.3493104,338.71690578034986,134.20586632839107,0.33871690578034985,0.13420586632839107
UV22MS,1664357398,18.jpg,1664357420.3683844,338.71690578034986,134.20586632839107,0.33871690578034985,0.13420586632839107
UV22MS,1664357398,18.jpg,1664357420.4071915,322.76369204198437,148.34249801101953,0.32276369204198435,0.14834249801101954
UV22MS,1664357398,18.jpg,1664357420.4153473,322.76369204198437,148.34249801101953,0.32276369204198435,0.14834249801101954
UV22MS,1664357398,18.jpg,1664357420.471485,314.5683225456698,159.03287808636262,0.3145683225456698,0.15903287808636263
UV22MS,1664357398,18.jpg,1664357420.4774847,314.5683225456698,159.03287808636262,0.3145683225456698,0.15903287808636263
UV22MS,1664357398,18.jpg,1664357420.5189214,309.54549003377963,152.1076432581627,0.3095454900337796,0.1521076432581627
UV22MS,1664357398,18.jpg,1664357420.586204,310.5087485007927,153.87440282230185,0.3105087485007927,0.15387440282230186
UV22MS,1664357398,18.jpg,1664357420.6012053,310.5087485007927,153.87440282230185,0.3105087485007927,0.15387440282230186
UV22MS,1664357398,18.jpg,1664357420.652108,305.81316715201973,146.6649092105996,0.3058131671520197,0.1466649092105996
UV22MS,1664357398,18.jpg,1664357420.6691005,305.81316715201973,146.6649092105996,0.3058131671520197,0.1466649092105996
UV22MS,1664357398,18.jpg,1664357420.711649,309.70274590571864,152.09867031505607,0.30970274590571867,0.15209867031505606
UV22MS,1664357398,18.jpg,1664357420.718649,309.70274590571864,152.09867031505607,0.30970274590571867,0.15209867031505606
UV22MS,1664357398,18.jpg,1664357420.760073,309.01654194037746,166.3099144252969,0.3090165419403775,0.1663099144252969
UV22MS,1664357398,18.jpg,1664357420.7700646,309.01654194037746,166.3099144252969,0.3090165419403775,0.1663099144252969
UV22MS,1664357398,18.jpg,1664357420.8226812,304.6364926904086,157.86703754140044,0.3046364926904086,0.15786703754140044
UV22MS,1664357398,18.jpg,1664357420.8878217,307.8290426148224,154.25703946562493,0.3078290426148224,0.15425703946562494
UV22MS,1664357398,18.jpg,1664357420.8978207,307.8290426148224,154.25703946562493,0.3078290426148224,0.15425703946562494
UV22MS,1664357398,18.jpg,1664357420.950329,310.3910943526857,152.72662365433615,0.3103910943526857,0.15272662365433615
UV22MS,1664357398,18.jpg,1664357420.9563348,310.3910943526857,152.72662365433615,0.3103910943526857,0.15272662365433615
UV22MS,1664357398,18.jpg,1664357420.9983299,306.6813463586471,164.15697326417651,0.3066813463586471,0.16415697326417653
UV22MS,1664357398,18.jpg,1664357421.0043347,306.6813463586471,164.15697326417651,0.3066813463586471,0.16415697326417653
UV22MS,1664357398,18.jpg,1664357421.0644772,306.99726359775735,155.88648734912516,0.30699726359775736,0.15588648734912516
UV22MS,1664357398,18.jpg,1664357421.0754766,306.99726359775735,155.88648734912516,0.30699726359775736,0.15588648734912516
UV22MS,1664357398,18.jpg,1664357421.13143,307.7421541803156,174.5066786269135,0.3077421541803156,0.1745066786269135
UV22MS,1664357398,18.jpg,1664357421.146435,307.7421541803156,174.5066786269135,0.3077421541803156,0.1745066786269135
UV22MS,1664357398,18.jpg,1664357421.1754985,304.0149782808072,168.02207078267216,0.3040149782808072,0.16802207078267217
UV22MS,1664357398,18.jpg,1664357421.2395759,331.42731109508446,167.3113596354868,0.33142731109508444,0.16731135963548682
UV22MS,1664357398,18.jpg,1664357421.247575,331.42731109508446,167.3113596354868,0.33142731109508444,0.16731135963548682
UV22MS,1664357398,18.jpg,1664357421.3076632,335.4002144441235,162.2274252915367,0.3354002144441235,0.1622274252915367
UV22MS,1664357398,18.jpg,1664357421.324634,335.4002144441235,162.2274252915367,0.3354002144441235,0.1622274252915367
UV22MS,1664357398,18.jpg,1664357421.3671005,335.45831872857616,162.51472925306493,0.3354583187285762,0.16251472925306493
UV22MS,1664357398,18.jpg,1664357421.3771002,335.45831872857616,162.51472925306493,0.3354583187285762,0.16251472925306493
UV22MS,1664357398,18.jpg,1664357421.4145925,331.62872090979886,154.89166273448043,0.33162872090979884,0.15489166273448043
UV22MS,1664357398,18.jpg,1664357421.478683,335.9938559437163,165.87186589589717,0.33599385594371634,0.16587186589589717
UV22MS,1664357398,18.jpg,1664357421.4848008,335.9938559437163,165.87186589589717,0.33599385594371634,0.16587186589589717
UV22MS,1664357398,18.jpg,1664357421.543015,331.7480987029888,167.27727995146952,0.33174809870298877,0.16727727995146952
UV22MS,1664357398,18.jpg,1664357421.5490158,331.7480987029888,167.27727995146952,0.33174809870298877,0.16727727995146952
UV22MS,1664357398,18.jpg,1664357421.6089482,309.5115951058242,171.3445124410543,0.3095115951058242,0.17134451244105428
UV22MS,1664357398,18.jpg,1664357421.6209514,309.5115951058242,171.3445124410543,0.3095115951058242,0.17134451244105428
UV22MS,1664357398,27manipulated2.jpg,1664357424.406875,256.57657707347704,255.38403966618182,0.25657657707347703,0.25538403966618184
UV22MS,1664357398,27manipulated2.jpg,1664357424.4129133,256.57657707347704,255.38403966618182,0.25657657707347703,0.25538403966618184
UV22MS,1664357398,27manipulated2.jpg,1664357424.472252,261.0820336851595,262.73580726988996,0.2610820336851595,0.26273580726989
UV22MS,1664357398,27manipulated2.jpg,1664357424.4802437,261.0820336851595,262.73580726988996,0.2610820336851595,0.26273580726989
UV22MS,1664357398,27manipulated2.jpg,1664357424.5352693,306.0703080318403,306.42577933790096,0.30607030803184027,0.30642577933790094
UV22MS,1664357398,27manipulated2.jpg,1664357424.5422766,306.0703080318403,306.42577933790096,0.30607030803184027,0.30642577933790094
UV22MS,1664357398,27manipulated2.jpg,1664357424.582043,343.12422164933685,298.92657972418675,0.34312422164933687,0.29892657972418674
UV22MS,1664357398,27manipulated2.jpg,1664357424.6482391,344.1630941781627,304.86550320433184,0.34416309417816265,0.30486550320433187
UV22MS,1664357398,27manipulated2.jpg,1664357424.6582386,344.1630941781627,304.86550320433184,0.34416309417816265,0.30486550320433187
UV22MS,1664357398,27manipulated2.jpg,1664357424.7136157,327.4339806101639,268.85342334721196,0.32743398061016393,0.26885342334721196
UV22MS,1664357398,27manipulated2.jpg,1664357424.7276413,327.4339806101639,268.85342334721196,0.32743398061016393,0.26885342334721196
UV22MS,1664357398,27manipulated2.jpg,1664357424.775232,322.302142426349,233.27338893550484,0.322302142426349,0.23327338893550484
UV22MS,1664357398,27manipulated2.jpg,1664357424.783233,322.302142426349,233.27338893550484,0.322302142426349,0.23327338893550484
UV22MS,1664357398,27manipulated2.jpg,1664357424.8232324,328.61001435148216,246.56254328746925,0.3286100143514822,0.24656254328746927
UV22MS,1664357398,27manipulated2.jpg,1664357424.8867624,322.7545143102887,236.99760229613298,0.3227545143102887,0.23699760229613298
UV22MS,1664357398,27manipulated2.jpg,1664357424.894765,322.7545143102887,236.99760229613298,0.3227545143102887,0.23699760229613298
UV22MS,1664357398,27manipulated2.jpg,1664357424.9537373,322.66488936581385,241.12933724379718,0.32266488936581383,0.24112933724379718
UV22MS,1664357398,27manipulated2.jpg,1664357424.968737,322.66488936581385,241.12933724379718,0.32266488936581383,0.24112933724379718
UV22MS,1664357398,27manipulated2.jpg,1664357425.006002,324.7387652360996,241.65184852328525,0.32473876523609957,0.24165184852328525
UV22MS,1664357398,27manipulated2.jpg,1664357425.0219905,324.7387652360996,241.65184852328525,0.32473876523609957,0.24165184852328525
UV22MS,1664357398,27manipulated2.jpg,1664357425.062742,323.5441659311183,242.9586993645033,0.3235441659311183,0.24295869936450332
UV22MS,1664357398,27manipulated2.jpg,1664357425.0697727,323.5441659311183,242.9586993645033,0.3235441659311183,0.24295869936450332
UV22MS,1664357398,27manipulated2.jpg,1664357425.1297848,323.31918280991346,229.60580475325696,0.32331918280991345,0.22960580475325695
UV22MS,1664357398,27manipulated2.jpg,1664357425.1368105,323.31918280991346,229.60580475325696,0.32331918280991345,0.22960580475325695
UV22MS,1664357398,27manipulated2.jpg,1664357425.1997795,321.4896811405161,234.14577779729223,0.32148968114051607,0.23414577779729223
UV22MS,1664357398,27manipulated2.jpg,1664357425.2377803,326.58857935463305,230.12795869092594,0.32658857935463304,0.23012795869092595
UV22MS,1664357398,27manipulated2.jpg,1664357425.2447803,326.58857935463305,230.12795869092594,0.32658857935463304,0.23012795869092595
UV22MS,1664357398,27manipulated2.jpg,1664357425.3017797,326.3466604544742,224.42029669124207,0.3263466604544742,0.22442029669124208
UV22MS,1664357398,27manipulated2.jpg,1664357425.3087795,326.3466604544742,224.42029669124207,0.3263466604544742,0.22442029669124208
UV22MS,1664357398,27manipulated2.jpg,1664357425.3657794,330.45719584120303,219.53455069303516,0.33045719584120303,0.21953455069303515
UV22MS,1664357398,27manipulated2.jpg,1664357425.3727803,330.45719584120303,219.53455069303516,0.33045719584120303,0.21953455069303515
UV22MS,1664357398,27manipulated2.jpg,1664357425.4297802,328.2385049413435,236.5277744303071,0.3282385049413435,0.2365277744303071
UV22MS,1664357398,27manipulated2.jpg,1664357425.4367797,328.2385049413435,236.5277744303071,0.3282385049413435,0.2365277744303071
UV22MS,1664357398,27manipulated2.jpg,1664357425.4777794,329.7579996770022,225.8250141924683,0.3297579996770022,0.2258250141924683
UV22MS,1664357398,27manipulated2.jpg,1664357425.54178,332.62376939636994,231.7198938577995,0.33262376939636995,0.23171989385779948
UV22MS,1664357398,27manipulated2.jpg,1664357425.5487795,332.62376939636994,231.7198938577995,0.33262376939636995,0.23171989385779948
UV22MS,1664357398,27manipulated2.jpg,1664357425.6057794,330.2620093643636,226.79187263847615,0.3302620093643636,0.22679187263847614
UV22MS,1664357398,27manipulated2.jpg,1664357425.6127796,330.2620093643636,226.79187263847615,0.3302620093643636,0.22679187263847614
UV22MS,1664357398,27manipulated2.jpg,1664357425.6697795,328.9610261626608,216.23302159735647,0.3289610261626608,0.21623302159735647
UV22MS,1664357398,27manipulated2.jpg,1664357425.67678,328.9610261626608,216.23302159735647,0.3289610261626608,0.21623302159735647
UV22MS,1664357398,27manipulated2.jpg,1664357425.7177792,331.86828986853294,218.26741105176458,0.33186828986853295,0.2182674110517646
UV22MS,1664357398,27manipulated2.jpg,1664357425.7817795,331.45264767091857,231.25337569125918,0.3314526476709186,0.23125337569125917
UV22MS,1664357398,27manipulated2.jpg,1664357425.78878,331.45264767091857,231.25337569125918,0.3314526476709186,0.23125337569125917
UV22MS,1664357398,27manipulated2.jpg,1664357425.8457797,333.2196839381179,223.7250257450988,0.3332196839381179,0.2237250257450988
UV22MS,1664357398,27manipulated2.jpg,1664357425.8527796,333.2196839381179,223.7250257450988,0.3332196839381179,0.2237250257450988
UV22MS,1664357398,27manipulated2.jpg,1664357425.9097803,329.12764041069073,224.9565293087205,0.32912764041069076,0.22495652930872048
UV22MS,1664357398,27manipulated2.jpg,1664357425.9167802,329.12764041069073,224.9565293087205,0.32912764041069076,0.22495652930872048
UV22MS,1664357398,27manipulated2.jpg,1664357425.9577794,334.44359474611815,229.1089433349748,0.3344435947461182,0.2291089433349748
UV22MS,1664357398,27manipulated2.jpg,1664357425.964779,334.44359474611815,229.1089433349748,0.3344435947461182,0.2291089433349748
UV22MS,1664357398,27manipulated2.jpg,1664357426.02178,328.2953299287529,225.6376200720178,0.3282953299287529,0.2256376200720178
UV22MS,1664357398,27manipulated2.jpg,1664357426.0857794,325.4598296935964,226.9356344294107,0.32545982969359644,0.2269356344294107
UV22MS,1664357398,27manipulated2.jpg,1664357426.0927804,325.4598296935964,226.9356344294107,0.32545982969359644,0.2269356344294107
UV22MS,1664357398,27manipulated2.jpg,1664357426.1337798,323.3215300515703,228.88848472193783,0.32332153005157027,0.22888848472193782
UV22MS,1664357398,27manipulated2.jpg,1664357426.14078,323.3215300515703,228.88848472193783,0.32332153005157027,0.22888848472193782
UV22MS,1664357398,27manipulated2.jpg,1664357426.2118108,326.86010359382857,219.98619011370815,0.32686010359382855,0.21998619011370815
UV22MS,1664357398,27manipulated2.jpg,1664357426.2178102,326.86010359382857,219.98619011370815,0.32686010359382855,0.21998619011370815
UV22MS,1664357398,27manipulated2.jpg,1664357426.2627804,318.7006237335746,217.445568973989,0.3187006237335746,0.217445568973989
UV22MS,1664357398,27manipulated2.jpg,1664357426.2687807,318.7006237335746,217.445568973989,0.3187006237335746,0.217445568973989
UV22MS,1664357398,27manipulated2.jpg,1664357426.3268087,343.7711163474531,196.8528207339897,0.34377111634745305,0.1968528207339897
UV22MS,1664357398,27manipulated2.jpg,1664357426.3329353,343.7711163474531,196.8528207339897,0.34377111634745305,0.1968528207339897
UV22MS,1664357398,27manipulated2.jpg,1664357426.374774,349.38752465631825,144.46585851043463,0.3493875246563182,0.14446585851043464
UV22MS,1664357398,27manipulated2.jpg,1664357426.445581,343.5217462101646,142.44871577009695,0.3435217462101646,0.14244871577009696
UV22MS,1664357398,27manipulated2.jpg,1664357426.463568,343.5217462101646,142.44871577009695,0.3435217462101646,0.14244871577009696
UV22MS,1664357398,27manipulated2.jpg,1664357426.5030825,346.04853765362344,140.4679488465197,0.3460485376536234,0.1404679488465197
UV22MS,1664357398,27manipulated2.jpg,1664357426.5100818,346.04853765362344,140.4679488465197,0.3460485376536234,0.1404679488465197
UV22MS,1664357398,27manipulated2.jpg,1664357426.5698547,345.8411734411035,143.20514247346773,0.3458411734411035,0.14320514247346774
UV22MS,1664357398,27manipulated2.jpg,1664357426.5838454,345.8411734411035,143.20514247346773,0.3458411734411035,0.14320514247346774
UV22MS,1664357398,27manipulated2.jpg,1664357426.6142943,347.80614410029057,136.1571405727142,0.3478061441002906,0.13615714057271422
UV22MS,1664357398,27manipulated2.jpg,1664357426.678218,343.7977680337456,135.3838440767402,0.3437977680337456,0.1353838440767402
UV22MS,1664357398,27manipulated2.jpg,1664357426.684242,343.7977680337456,135.3838440767402,0.3437977680337456,0.1353838440767402
UV22MS,1664357398,27manipulated2.jpg,1664357426.7490623,343.62794100504135,145.2372228078974,0.34362794100504135,0.14523722280789741
UV22MS,1664357398,27manipulated2.jpg,1664357426.7670405,343.62794100504135,145.2372228078974,0.34362794100504135,0.14523722280789741
UV22MS,1664357398,27manipulated2.jpg,1664357426.8068,351.20192044649497,143.41527285267438,0.35120192044649495,0.14341527285267439
UV22MS,1664357398,27manipulated2.jpg,1664357426.8147998,351.20192044649497,143.41527285267438,0.35120192044649495,0.14341527285267439
UV22MS,1664357398,27manipulated2.jpg,1664357426.856336,346.20116957137327,131.20456869607074,0.34620116957137326,0.13120456869607075
UV22MS,1664357398,27manipulated2.jpg,1664357426.9192004,354.2300651861281,132.94388076495707,0.3542300651861281,0.13294388076495708
UV22MS,1664357398,27manipulated2.jpg,1664357426.9252026,354.2300651861281,132.94388076495707,0.3542300651861281,0.13294388076495708
UV22MS,1664357398,27manipulated2.jpg,1664357426.9841983,348.5042466559506,139.31711437644464,0.34850424665595064,0.13931711437644465
UV22MS,1664357398,27manipulated2.jpg,1664357426.9902809,348.5042466559506,139.31711437644464,0.34850424665595064,0.13931711437644465
UV22MS,1664357398,27manipulated2.jpg,1664357427.0483298,348.64146264568575,227.49077834977584,0.34864146264568574,0.22749077834977582
UV22MS,1664357398,27manipulated2.jpg,1664357427.0593255,348.64146264568575,227.49077834977584,0.34864146264568574,0.22749077834977582
UV22MS,1664357398,27manipulated2.jpg,1664357427.0948162,356.40840838524,254.04793177265182,0.35640840838524,0.25404793177265184
UV22MS,1664357398,27manipulated2.jpg,1664357427.1038275,356.40840838524,254.04793177265182,0.35640840838524,0.25404793177265184
UV22MS,1664357398,27manipulated2.jpg,1664357427.161849,362.3057819783887,248.13853933954556,0.3623057819783887,0.24813853933954555
UV22MS,1664357398,27manipulated2.jpg,1664357427.174857,362.3057819783887,248.13853933954556,0.3623057819783887,0.24813853933954555
UV22MS,1664357398,27manipulated2.jpg,1664357427.2238748,381.20708723558954,285.24328501950697,0.38120708723558955,0.28524328501950696
UV22MS,1664357398,27manipulated2.jpg,1664357427.2703328,404.0432812049054,326.2559007402721,0.4040432812049054,0.3262559007402721
UV22MS,1664357398,27manipulated2.jpg,1664357427.27633,404.0432812049054,326.2559007402721,0.4040432812049054,0.3262559007402721
UV22MS,1664357398,27manipulated2.jpg,1664357427.336523,412.4978107000437,327.85745431586855,0.4124978107000437,0.32785745431586855
UV22MS,1664357398,27manipulated2.jpg,1664357427.348609,412.4978107000437,327.85745431586855,0.4124978107000437,0.32785745431586855
UV22MS,1664357398,27manipulated2.jpg,1664357427.4004004,413.4688255330722,326.4269614418357,0.41346882553307224,0.3264269614418357
UV22MS,1664357398,27manipulated2.jpg,1664357427.411413,413.4688255330722,326.4269614418357,0.41346882553307224,0.3264269614418357
UV22MS,1664357398,27manipulated2.jpg,1664357427.4640138,413.9471258976141,331.34329489942934,0.4139471258976141,0.3313432948994293
UV22MS,1664357398,27manipulated2.jpg,1664357427.4721282,413.9471258976141,331.34329489942934,0.4139471258976141,0.3313432948994293
UV22MS,1664357398,27manipulated2.jpg,1664357427.5126753,419.4307343332617,336.75709171553166,0.41943073433326167,0.33675709171553164
UV22MS,1664357398,27manipulated2.jpg,1664357427.5768745,422.62136738025936,333.3093437087718,0.42262136738025935,0.3333093437087718
UV22MS,1664357398,27manipulated2.jpg,1664357427.584868,422.62136738025936,333.3093437087718,0.42262136738025935,0.3333093437087718
UV22MS,1664357398,27manipulated2.jpg,1664357427.6386213,429.031760680237,367.90636193002666,0.429031760680237,0.3679063619300267
UV22MS,1664357398,27manipulated2.jpg,1664357427.644627,429.031760680237,367.90636193002666,0.429031760680237,0.3679063619300267
UV22MS,1664357398,27manipulated2.jpg,1664357427.706646,452.9780295667579,406.97004960862375,0.4529780295667579,0.40697004960862376
UV22MS,1664357398,27manipulated2.jpg,1664357427.7197716,452.9780295667579,406.97004960862375,0.4529780295667579,0.40697004960862376
UV22MS,1664357398,27manipulated2.jpg,1664357427.7511535,454.67845939751066,409.2157139064083,0.45467845939751067,0.4092157139064083
UV22MS,1664357398,27manipulated2.jpg,1664357427.816358,454.7599254961811,406.9891143794258,0.4547599254961811,0.4069891143794258
UV22MS,1664357398,27manipulated2.jpg,1664357427.8263588,454.7599254961811,406.9891143794258,0.4547599254961811,0.4069891143794258
UV22MS,1664357398,27manipulated2.jpg,1664357427.8842182,450.8349456081745,401.9339785073401,0.4508349456081745,0.4019339785073401
UV22MS,1664357398,27manipulated2.jpg,1664357427.9012015,450.8349456081745,401.9339785073401,0.4508349456081745,0.4019339785073401
UV22MS,1664357398,27manipulated2.jpg,1664357427.9427445,457.9213859812174,404.9577923728276,0.4579213859812174,0.4049577923728276
UV22MS,1664357398,27manipulated2.jpg,1664357427.9497573,457.9213859812174,404.9577923728276,0.4579213859812174,0.4049577923728276
UV22MS,1664357398,27manipulated2.jpg,1664357427.992176,451.6589260074109,398.24303104223884,0.4516589260074109,0.39824303104223885
UV22MS,1664357398,27manipulated2.jpg,1664357428.0616179,458.95598416354125,396.9657345811869,0.4589559841635412,0.3969657345811869
UV22MS,1664357398,27manipulated2.jpg,1664357428.079604,458.95598416354125,396.9657345811869,0.4589559841635412,0.3969657345811869
UV22MS,1664357398,27manipulated2.jpg,1664357428.1190727,438.4834381375452,410.57702716491224,0.4384834381375452,0.41057702716491223
UV22MS,1664357398,27manipulated2.jpg,1664357428.127068,438.4834381375452,410.57702716491224,0.4384834381375452,0.41057702716491223
UV22MS,1664357398,27manipulated2.jpg,1664357428.1666827,411.69167866072337,447.72221338471076,0.41169167866072337,0.44772221338471074
UV22MS,1664357398,27manipulated2.jpg,1664357428.1746836,411.69167866072337,447.72221338471076,0.41169167866072337,0.44772221338471074
UV22MS,1664357398,27manipulated2.jpg,1664357428.2346327,412.33700300181675,441.4082067104655,0.41233700300181675,0.4414082067104655
UV22MS,1664357398,27manipulated2.jpg,1664357428.2446542,412.33700300181675,441.4082067104655,0.41233700300181675,0.4414082067104655
UV22MS,1664357398,27manipulated2.jpg,1664357428.2946215,409.1168447858259,438.7752457940133,0.4091168447858259,0.4387752457940133
UV22MS,1664357398,27manipulated2.jpg,1664357428.3016214,409.1168447858259,438.7752457940133,0.4091168447858259,0.4387752457940133
UV22MS,1664357398,27manipulated2.jpg,1664357428.3617215,408.94166338736954,439.08085552796484,0.40894166338736954,0.43908085552796483
UV22MS,1664357398,29.jpg,1664357432.5526052,349.11649956014236,42.304306916128006,0.34911649956014235,0.04230430691612801
UV22MS,1664357398,29.jpg,1664357432.5986426,348.83081769143456,31.376433430560017,0.34883081769143454,0.03137643343056001
UV22MS,1664357398,29.jpg,1664357432.604648,348.83081769143456,31.376433430560017,0.34883081769143454,0.03137643343056001
UV22MS,1664357398,29.jpg,1664357432.6655045,375.45669242101366,69.68574992629938,0.37545669242101365,0.06968574992629938
UV22MS,1664357398,29.jpg,1664357432.679491,375.45669242101366,69.68574992629938,0.37545669242101365,0.06968574992629938
UV22MS,1664357398,29.jpg,1664357432.7101133,434.2888027704115,70.58750263901949,0.4342888027704115,0.07058750263901949
UV22MS,1664357398,29.jpg,1664357432.7774386,435.0983077908673,85.30508493662157,0.4350983077908673,0.08530508493662158
UV22MS,1664357398,29.jpg,1664357432.7914357,435.0983077908673,85.30508493662157,0.4350983077908673,0.08530508493662158
UV22MS,1664357398,29.jpg,1664357432.839956,431.5529483263396,86.64129121658034,0.4315529483263396,0.08664129121658035
UV22MS,1664357398,29.jpg,1664357432.8489552,431.5529483263396,86.64129121658034,0.4315529483263396,0.08664129121658035
UV22MS,1664357398,29.jpg,1664357432.9060376,438.4720145087473,83.5651219036567,0.4384720145087473,0.0835651219036567
UV22MS,1664357398,29.jpg,1664357432.9200385,438.4720145087473,83.5651219036567,0.4384720145087473,0.0835651219036567
UV22MS,1664357398,29.jpg,1664357432.9505243,440.01581002705126,99.58612214829533,0.44001581002705126,0.09958612214829533
UV22MS,1664357398,29.jpg,1664357433.021625,438.0777622158727,97.098084262806,0.43807776221587275,0.097098084262806
UV22MS,1664357398,29.jpg,1664357433.0386083,438.0777622158727,97.098084262806,0.43807776221587275,0.097098084262806
UV22MS,1664357398,29.jpg,1664357433.0785816,437.3528453679338,105.93235021167597,0.4373528453679338,0.10593235021167596
UV22MS,1664357398,29.jpg,1664357433.0866177,437.3528453679338,105.93235021167597,0.4373528453679338,0.10593235021167596
UV22MS,1664357398,29.jpg,1664357433.128584,433.8499711155576,103.9109564233533,0.4338499711155576,0.1039109564233533
UV22MS,1664357398,29.jpg,1664357433.136582,433.8499711155576,103.9109564233533,0.4338499711155576,0.1039109564233533
UV22MS,1664357398,29.jpg,1664357433.19553,440.0290930441962,99.56213905030037,0.4400290930441962,0.09956213905030037
UV22MS,1664357398,29.jpg,1664357433.2613652,436.4924341059732,101.21738165467235,0.4364924341059732,0.10121738165467235
UV22MS,1664357398,29.jpg,1664357433.273344,436.4924341059732,101.21738165467235,0.4364924341059732,0.10121738165467235
UV22MS,1664357398,29.jpg,1664357433.3184414,435.431511875529,104.09069054991772,0.435431511875529,0.10409069054991772
UV22MS,1664357398,29.jpg,1664357433.3244407,435.431511875529,104.09069054991772,0.435431511875529,0.10409069054991772
UV22MS,1664357398,29.jpg,1664357433.366977,436.05251438591256,101.77501098573661,0.4360525143859126,0.10177501098573662
UV22MS,1664357398,29.jpg,1664357433.374118,436.05251438591256,101.77501098573661,0.4360525143859126,0.10177501098573662
UV22MS,1664357398,29.jpg,1664357433.4339812,434.17236785934244,104.66209558709642,0.43417236785934243,0.10466209558709641
UV22MS,1664357398,29.jpg,1664357433.4419637,434.17236785934244,104.66209558709642,0.43417236785934243,0.10466209558709641
UV22MS,1664357398,29.jpg,1664357433.4966965,431.2670261988029,103.9975418097652,0.4312670261988029,0.1039975418097652
UV22MS,1664357398,29.jpg,1664357433.5056899,431.2670261988029,103.9975418097652,0.4312670261988029,0.1039975418097652
UV22MS,1664357398,29.jpg,1664357433.558481,433.9979684183902,104.3443974834074,0.4339979684183902,0.1043443974834074
UV22MS,1664357398,29.jpg,1664357433.5665815,433.9979684183902,104.3443974834074,0.4339979684183902,0.1043443974834074
UV22MS,1664357398,29.jpg,1664357433.6081755,437.2420999355212,115.26529969041538,0.4372420999355212,0.11526529969041538
UV22MS,1664357398,29.jpg,1664357433.670635,434.32302420733294,110.41269246269917,0.43432302420733293,0.11041269246269916
UV22MS,1664357398,29.jpg,1664357433.6766355,434.32302420733294,110.41269246269917,0.43432302420733293,0.11041269246269916
UV22MS,1664357398,29.jpg,1664357433.7347836,429.102512184031,115.64987385445039,0.429102512184031,0.11564987385445039
UV22MS,1664357398,29.jpg,1664357433.7407837,429.102512184031,115.64987385445039,0.429102512184031,0.11564987385445039
UV22MS,1664357398,29.jpg,1664357433.7982275,433.97566718688324,114.90439601051948,0.43397566718688324,0.11490439601051948
UV22MS,1664357398,29.jpg,1664357433.804258,433.97566718688324,114.90439601051948,0.43397566718688324,0.11490439601051948
UV22MS,1664357398,29.jpg,1664357433.846296,429.0486362320926,134.74786735626537,0.42904863623209255,0.13474786735626537
UV22MS,1664357398,29.jpg,1664357433.9103353,429.1080278659473,119.19104713229211,0.4291080278659473,0.11919104713229212
UV22MS,1664357398,29.jpg,1664357433.9162903,429.1080278659473,119.19104713229211,0.4291080278659473,0.11919104713229212
UV22MS,1664357398,29.jpg,1664357433.9742901,430.72336252163245,125.97599617726486,0.43072336252163246,0.12597599617726485
UV22MS,1664357398,29.jpg,1664357433.980291,430.72336252163245,125.97599617726486,0.43072336252163246,0.12597599617726485
UV22MS,1664357398,29.jpg,1664357434.0383198,431.7600485798806,122.86104545406147,0.4317600485798806,0.12286104545406147
UV22MS,1664357398,29.jpg,1664357434.0442898,431.7600485798806,122.86104545406147,0.4317600485798806,0.12286104545406147
UV22MS,1664357398,29.jpg,1664357434.086322,437.0244547494979,125.30813855149826,0.4370244547494979,0.12530813855149825
UV22MS,1664357398,29.jpg,1664357434.1528382,426.2695119345696,125.16768536236091,0.42626951193456963,0.12516768536236092
UV22MS,1664357398,29.jpg,1664357434.162856,426.2695119345696,125.16768536236091,0.42626951193456963,0.12516768536236092
UV22MS,1664357398,29.jpg,1664357434.2197425,435.65159269132164,134.87086878780602,0.43565159269132164,0.13487086878780602
UV22MS,1664357398,29.jpg,1664357434.2377293,435.65159269132164,134.87086878780602,0.43565159269132164,0.13487086878780602
UV22MS,1664357398,29.jpg,1664357434.2630148,434.35305798576996,138.5778581675879,0.43435305798576995,0.1385778581675879
UV22MS,1664357398,29.jpg,1664357434.271019,434.35305798576996,138.5778581675879,0.43435305798576995,0.1385778581675879
UV22MS,1664357398,29.jpg,1664357434.3270845,429.50287537069147,122.27861812595984,0.4295028753706915,0.12227861812595983
UV22MS,1664357398,29.jpg,1664357434.3340845,429.50287537069147,122.27861812595984,0.4295028753706915,0.12227861812595983
UV22MS,1664357398,29.jpg,1664357434.3912075,427.7561361225772,133.5917717710995,0.4277561361225772,0.13359177177109952
UV22MS,1664357398,29.jpg,1664357434.460926,431.7991563977503,123.39257816850161,0.43179915639775035,0.12339257816850162
UV22MS,1664357398,29.jpg,1664357434.4790294,431.7991563977503,123.39257816850161,0.43179915639775035,0.12339257816850162
UV22MS,1664357398,29.jpg,1664357434.5031343,432.9613449285201,124.60711807156655,0.43296134492852006,0.12460711807156655
UV22MS,1664357398,29.jpg,1664357434.5091608,432.9613449285201,124.60711807156655,0.43296134492852006,0.12460711807156655
UV22MS,1664357398,29.jpg,1664357434.5671477,432.83067998193775,121.94324757049672,0.43283067998193775,0.12194324757049672
UV22MS,1664357398,29.jpg,1664357434.5752552,432.83067998193775,121.94324757049672,0.43283067998193775,0.12194324757049672
UV22MS,1664357398,29.jpg,1664357434.6370401,438.35477625076226,129.12692852506348,0.43835477625076225,0.12912692852506347
UV22MS,1664357398,29.jpg,1664357434.6540737,438.35477625076226,129.12692852506348,0.43835477625076225,0.12912692852506347
UV22MS,1664357398,29.jpg,1664357434.694531,430.7333091360896,121.81583392292123,0.4307333091360896,0.12181583392292122
UV22MS,1664357398,29.jpg,1664357434.7025044,430.7333091360896,121.81583392292123,0.4307333091360896,0.12181583392292122
UV22MS,1664357398,29.jpg,1664357434.742289,422.0040623127256,122.86825421004977,0.4220040623127256,0.12286825421004977
UV22MS,1664357398,29.jpg,1664357434.8133821,434.46165609728746,133.77200092300185,0.4344616560972875,0.13377200092300184
UV22MS,1664357398,29.jpg,1664357434.8323736,434.46165609728746,133.77200092300185,0.4344616560972875,0.13377200092300184
UV22MS,1664357398,29.jpg,1664357434.8707366,433.89662096032384,122.43401567290782,0.43389662096032383,0.12243401567290782
UV22MS,1664357398,29.jpg,1664357434.8787577,433.89662096032384,122.43401567290782,0.43389662096032383,0.12243401567290782
UV22MS,1664357398,29.jpg,1664357434.9376986,435.2076558233115,130.83072621029297,0.4352076558233115,0.13083072621029296
UV22MS,1664357398,29.jpg,1664357434.9526865,435.2076558233115,130.83072621029297,0.4352076558233115,0.13083072621029296
UV22MS,1664357398,29.jpg,1664357434.9822788,432.51640437397384,131.08095825132492,0.4325164043739738,0.1310809582513249
UV22MS,1664357398,29.jpg,1664357435.0483184,429.6928279345924,127.38664153787266,0.4296928279345924,0.12738664153787266
UV22MS,1664357398,29.jpg,1664357435.060336,429.6928279345924,127.38664153787266,0.4296928279345924,0.12738664153787266
UV22MS,1664357398,29.jpg,1664357435.1152742,422.170963521778,118.84507364254972,0.42217096352177796,0.11884507364254972
UV22MS,1664357398,29.jpg,1664357435.130391,422.170963521778,118.84507364254972,0.42217096352177796,0.11884507364254972
UV22MS,1664357398,29.jpg,1664357435.1748917,431.4383765169273,122.1169305334084,0.4314383765169273,0.1221169305334084
UV22MS,1664357398,29.jpg,1664357435.182891,431.4383765169273,122.1169305334084,0.4314383765169273,0.1221169305334084
UV22MS,1664357398,29.jpg,1664357435.2237892,425.9582137182751,112.3187096977384,0.4259582137182751,0.1123187096977384
UV22MS,1664357398,29.jpg,1664357435.2898667,430.98538636976053,115.89233334988172,0.4309853863697605,0.11589233334988172
UV22MS,1664357398,29.jpg,1664357435.2958379,430.98538636976053,115.89233334988172,0.4309853863697605,0.11589233334988172
UV22MS,1664357398,29.jpg,1664357435.3574495,435.96223959681,123.08034864430792,0.43596223959680996,0.12308034864430792
UV22MS,1664357398,29.jpg,1664357435.3745103,435.96223959681,123.08034864430792,0.43596223959680996,0.12308034864430792
UV22MS,1664357398,29.jpg,1664357435.3987823,434.2917059901919,122.62793484123056,0.43429170599019185,0.12262793484123055
UV22MS,1664357398,29.jpg,1664357435.4067836,434.2917059901919,122.62793484123056,0.43429170599019185,0.12262793484123055
UV22MS,1664357398,29.jpg,1664357435.4629374,429.71631617042124,113.76689306407698,0.4297163161704212,0.11376689306407699
UV22MS,1664357398,29.jpg,1664357435.47104,429.71631617042124,113.76689306407698,0.4297163161704212,0.11376689306407699
UV22MS,1664357398,29.jpg,1664357435.5288303,431.5845554227842,120.89008719640435,0.43158455542278423,0.12089008719640436
UV22MS,1664357398,29.jpg,1664357435.534814,431.5845554227842,120.89008719640435,0.43158455542278423,0.12089008719640436
UV22MS,1664357398,29.jpg,1664357435.5903268,430.43273187862593,110.56035067536601,0.4304327318786259,0.11056035067536601
UV22MS,1664357398,29.jpg,1664357435.6395345,432.113899631829,112.74047100679547,0.432113899631829,0.11274047100679548
UV22MS,1664357398,29.jpg,1664357435.6476288,432.113899631829,112.74047100679547,0.432113899631829,0.11274047100679548
UV22MS,1664357398,29.jpg,1664357435.7026682,430.30287167512716,113.93635356927125,0.43030287167512715,0.11393635356927125
UV22MS,1664357398,29.jpg,1664357435.7086687,430.30287167512716,113.93635356927125,0.43030287167512715,0.11393635356927125
UV22MS,1664357398,29.jpg,1664357435.7667065,434.3169243190702,121.87157049063109,0.4343169243190702,0.12187157049063109
UV22MS,1664357398,29.jpg,1664357435.7748086,434.3169243190702,121.87157049063109,0.4343169243190702,0.12187157049063109
UV22MS,1664357398,29.jpg,1664357435.8375256,431.88571073577225,114.64157518162298,0.43188571073577225,0.11464157518162298
UV22MS,1664357398,29.jpg,1664357435.8545191,431.88571073577225,114.64157518162298,0.43188571073577225,0.11464157518162298
UV22MS,1664357398,29.jpg,1664357435.8788,433.4277547475887,121.95967326616969,0.4334277547475887,0.12195967326616969
UV22MS,1664357398,29.jpg,1664357435.9447675,432.24168702089474,110.2832398152189,0.43224168702089477,0.11028323981521891
UV22MS,1664357398,29.jpg,1664357435.9517648,432.24168702089474,110.2832398152189,0.43224168702089477,0.11028323981521891
UV22MS,1664357398,29.jpg,1664357436.0067961,438.3327681582244,126.07773109190475,0.43833276815822436,0.12607773109190476
UV22MS,1664357398,29.jpg,1664357436.0127969,438.3327681582244,126.07773109190475,0.43833276815822436,0.12607773109190476
UV22MS,1664357398,29.jpg,1664357436.0726666,434.05172549261295,112.72293072557977,0.43405172549261295,0.11272293072557978
UV22MS,1664357398,29.jpg,1664357436.0826788,434.05172549261295,112.72293072557977,0.43405172549261295,0.11272293072557978
UV22MS,1664357398,29.jpg,1664357436.1201699,433.535157057912,131.06364353934853,0.433535157057912,0.13106364353934855
UV22MS,1664357398,29.jpg,1664357436.1898036,430.88442830383764,121.51543773683525,0.43088442830383766,0.12151543773683525
UV22MS,1664357398,29.jpg,1664357436.206789,430.88442830383764,121.51543773683525,0.43088442830383766,0.12151543773683525
UV22MS,1664357398,29.jpg,1664357436.2466197,432.994627972329,129.6153313208771,0.432994627972329,0.1296153313208771
UV22MS,1664357398,29.jpg,1664357436.253619,432.994627972329,129.6153313208771,0.432994627972329,0.1296153313208771
UV22MS,1664357398,29.jpg,1664357436.2953346,435.51166919739063,131.2226781041417,0.43551166919739065,0.1312226781041417
UV22MS,1664357398,29.jpg,1664357436.3043346,435.51166919739063,131.2226781041417,0.43551166919739065,0.1312226781041417
UV22MS,1664357398,29.jpg,1664357436.365271,429.41613463293146,124.93310229717372,0.42941613463293143,0.12493310229717372
UV22MS,1664357398,29.jpg,1664357436.3832552,429.41613463293146,124.93310229717372,0.42941613463293143,0.12493310229717372
UV22MS,1664357398,29.jpg,1664357436.4229856,434.81552480873245,129.16945237020815,0.4348155248087324,0.12916945237020816
UV22MS,1664357398,29.jpg,1664357436.4931786,431.71647239052123,135.7587058623715,0.43171647239052124,0.1357587058623715
UV22MS,1664357398,29.jpg,1664357436.5091515,431.71647239052123,135.7587058623715,0.43171647239052124,0.1357587058623715
UV22MS,1664357398,29.jpg,1664357436.534633,430.89973611752924,134.78392281230933,0.43089973611752924,0.13478392281230933
UV22MS,1664357398,29.jpg,1664357436.540658,430.89973611752924,134.78392281230933,0.43089973611752924,0.13478392281230933
UV22MS,1664357398,29.jpg,1664357436.5987597,429.5653224801416,144.0459950844772,0.4295653224801416,0.14404599508447719
UV22MS,1664357398,34manipulated3.jpg,1664357438.0779078,347.09797930707106,176.56426375929033,0.34709797930707104,0.17656426375929032
UV22MS,1664357398,34manipulated3.jpg,1664357438.1033828,347.1468334571161,153.43554449124767,0.3471468334571161,0.15343554449124766
UV22MS,1664357398,34manipulated3.jpg,1664357438.1103845,347.1468334571161,153.43554449124767,0.3471468334571161,0.15343554449124766
UV22MS,1664357398,34manipulated3.jpg,1664357438.1513155,351.1891455509945,170.26677681724473,0.3511891455509945,0.17026677681724472
UV22MS,1664357398,34manipulated3.jpg,1664357438.2212536,423.5782118792989,230.75142406755245,0.4235782118792989,0.23075142406755245
UV22MS,1664357398,34manipulated3.jpg,1664357438.239237,423.5782118792989,230.75142406755245,0.4235782118792989,0.23075142406755245
UV22MS,1664357398,34manipulated3.jpg,1664357438.278745,450.81353541867713,220.0894105482478,0.45081353541867714,0.2200894105482478
UV22MS,1664357398,34manipulated3.jpg,1664357438.2867627,450.81353541867713,220.0894105482478,0.45081353541867714,0.2200894105482478
UV22MS,1664357398,34manipulated3.jpg,1664357438.3263218,454.3421353536435,221.68247797413878,0.45434213535364354,0.2216824779741388
UV22MS,1664357398,34manipulated3.jpg,1664357438.3324516,454.3421353536435,221.68247797413878,0.45434213535364354,0.2216824779741388
UV22MS,1664357398,34manipulated3.jpg,1664357438.3906064,456.2117344659675,222.61534746000473,0.45621173446596747,0.22261534746000472
UV22MS,1664357398,34manipulated3.jpg,1664357438.461299,447.90858144685654,214.6927953362023,0.4479085814468565,0.2146927953362023
UV22MS,1664357398,34manipulated3.jpg,1664357438.4762876,447.90858144685654,214.6927953362023,0.4479085814468565,0.2146927953362023
UV22MS,1664357398,34manipulated3.jpg,1664357438.5185337,456.45037692578575,221.97716502218097,0.4564503769257858,0.22197716502218096
UV22MS,1664357398,34manipulated3.jpg,1664357438.5245368,456.45037692578575,221.97716502218097,0.4564503769257858,0.22197716502218096
UV22MS,1664357398,34manipulated3.jpg,1664357438.5667677,453.62987974621376,218.76880560170073,0.45362987974621377,0.21876880560170073
UV22MS,1664357398,34manipulated3.jpg,1664357438.5737739,453.62987974621376,218.76880560170073,0.45362987974621377,0.21876880560170073
UV22MS,1664357398,34manipulated3.jpg,1664357438.6348243,451.1856250489434,227.28011366423834,0.4511856250489434,0.22728011366423834
UV22MS,1664357398,34manipulated3.jpg,1664357438.651833,451.1856250489434,227.28011366423834,0.4511856250489434,0.22728011366423834
UV22MS,1664357398,34manipulated3.jpg,1664357438.6953118,451.3212010065905,220.68022340404377,0.4513212010065905,0.22068022340404378
UV22MS,1664357398,34manipulated3.jpg,1664357438.7033205,451.3212010065905,220.68022340404377,0.4513212010065905,0.22068022340404378
UV22MS,1664357398,34manipulated3.jpg,1664357438.7624116,451.9772950243049,227.43965823042328,0.4519772950243049,0.22743965823042328
UV22MS,1664357398,34manipulated3.jpg,1664357438.774407,451.9772950243049,227.43965823042328,0.4519772950243049,0.22743965823042328
UV22MS,1664357398,34manipulated3.jpg,1664357438.806405,452.9451062369461,238.14379908096925,0.4529451062369461,0.23814379908096925
UV22MS,1664357398,34manipulated3.jpg,1664357438.870404,454.56363917166874,233.43379204509483,0.45456363917166875,0.23343379204509485
UV22MS,1664357398,34manipulated3.jpg,1664357438.8764043,454.56363917166874,233.43379204509483,0.45456363917166875,0.23343379204509485
UV22MS,1664357398,34manipulated3.jpg,1664357438.934405,454.6765588489184,234.74997408337796,0.4546765588489184,0.23474997408337797
UV22MS,1664357398,34manipulated3.jpg,1664357438.9404047,454.6765588489184,234.74997408337796,0.4546765588489184,0.23474997408337797
UV22MS,1664357398,34manipulated3.jpg,1664357438.998405,454.75159298428997,224.46998594575336,0.45475159298428997,0.22446998594575338
UV22MS,1664357398,34manipulated3.jpg,1664357439.0044048,454.75159298428997,224.46998594575336,0.45475159298428997,0.22446998594575338
UV22MS,1664357398,34manipulated3.jpg,1664357439.0464072,452.6469056683553,230.3205337073882,0.4526469056683553,0.2303205337073882
UV22MS,1664357398,34manipulated3.jpg,1664357439.1104043,455.47869445369497,229.53272241555862,0.455478694453695,0.2295327224155586
UV22MS,1664357398,34manipulated3.jpg,1664357439.1164045,455.47869445369497,229.53272241555862,0.455478694453695,0.2295327224155586
UV22MS,1664357398,34manipulated3.jpg,1664357439.1758847,458.3186893963352,230.87009472735326,0.4583186893963352,0.23087009472735326
UV22MS,1664357398,34manipulated3.jpg,1664357439.1838858,458.3186893963352,230.87009472735326,0.4583186893963352,0.23087009472735326
UV22MS,1664357398,34manipulated3.jpg,1664357439.2245023,455.26161988895774,226.27974626722028,0.45526161988895775,0.22627974626722028
UV22MS,1664357398,34manipulated3.jpg,1664357439.233502,455.26161988895774,226.27974626722028,0.45526161988895775,0.22627974626722028
UV22MS,1664357398,34manipulated3.jpg,1664357439.2885737,454.0318518132227,241.43771980140016,0.4540318518132227,0.24143771980140016
UV22MS,1664357398,34manipulated3.jpg,1664357439.3572917,454.76597409643904,233.64733273766632,0.45476597409643904,0.23364733273766633
UV22MS,1664357398,34manipulated3.jpg,1664357439.3744156,454.76597409643904,233.64733273766632,0.45476597409643904,0.23364733273766633
UV22MS,1664357398,34manipulated3.jpg,1664357439.4151108,449.5962545273652,233.08440909149797,0.4495962545273652,0.23308440909149797
UV22MS,1664357398,34manipulated3.jpg,1664357439.4242253,449.5962545273652,233.08440909149797,0.4495962545273652,0.23308440909149797
UV22MS,1664357398,34manipulated3.jpg,1664357439.46288,454.02466993330734,227.2160927998287,0.4540246699333073,0.22721609279982868
UV22MS,1664357398,34manipulated3.jpg,1664357439.4688828,454.02466993330734,227.2160927998287,0.4540246699333073,0.22721609279982868
UV22MS,1664357398,34manipulated3.jpg,1664357439.5268176,456.4731647432344,232.44368861248702,0.4564731647432344,0.23244368861248701
UV22MS,1664357398,34manipulated3.jpg,1664357439.5348165,456.4731647432344,232.44368861248702,0.4564731647432344,0.23244368861248701
UV22MS,1664357398,34manipulated3.jpg,1664357439.5908573,459.7763721689589,236.54132748418212,0.4597763721689589,0.2365413274841821
UV22MS,1664357398,34manipulated3.jpg,1664357439.6614656,459.6737313976688,236.0410502987031,0.4596737313976688,0.23604105029870312
UV22MS,1664357398,34manipulated3.jpg,1664357439.6784506,459.6737313976688,236.0410502987031,0.4596737313976688,0.23604105029870312
UV22MS,1664357398,34manipulated3.jpg,1664357439.702546,462.3141249749741,236.13056108986757,0.4623141249749741,0.23613056108986757
UV22MS,1664357398,34manipulated3.jpg,1664357439.7105496,462.3141249749741,236.13056108986757,0.4623141249749741,0.23613056108986757
UV22MS,1664357398,34manipulated3.jpg,1664357439.7676418,466.422812534207,235.88100511485527,0.46642281253420703,0.23588100511485527
UV22MS,1664357398,34manipulated3.jpg,1664357439.7746422,466.422812534207,235.88100511485527,0.46642281253420703,0.23588100511485527
UV22MS,1664357398,34manipulated3.jpg,1664357439.8303592,454.1645087793888,235.29595310746964,0.4541645087793888,0.23529595310746965
UV22MS,1664357398,34manipulated3.jpg,1664357439.8363662,454.1645087793888,235.29595310746964,0.4541645087793888,0.23529595310746965
UV22MS,1664357398,34manipulated3.jpg,1664357439.8974233,460.91270832976795,244.00297280263865,0.46091270832976794,0.24400297280263866
UV22MS,1664357398,34manipulated3.jpg,1664357439.9144437,460.91270832976795,244.00297280263865,0.46091270832976794,0.24400297280263866
UV22MS,1664357398,34manipulated3.jpg,1664357439.9429507,457.2888675122047,241.66934772674043,0.4572888675122047,0.24166934772674042
UV22MS,1664357398,34manipulated3.jpg,1664357440.008571,460.45056656879296,236.04584099535063,0.46045056656879296,0.23604584099535064
UV22MS,1664357398,34manipulated3.jpg,1664357440.01457,460.45056656879296,236.04584099535063,0.46045056656879296,0.23604584099535064
UV22MS,1664357398,34manipulated3.jpg,1664357440.0726326,456.86501175883825,240.88607348347773,0.45686501175883826,0.24088607348347774
UV22MS,1664357398,34manipulated3.jpg,1664357440.0826316,456.86501175883825,240.88607348347773,0.45686501175883826,0.24088607348347774
UV22MS,1664357398,34manipulated3.jpg,1664357440.142648,454.8176561819594,240.6014949539833,0.4548176561819594,0.24060149495398328
UV22MS,1664357398,34manipulated3.jpg,1664357440.159634,454.8176561819594,240.6014949539833,0.4548176561819594,0.24060149495398328
UV22MS,1664357398,34manipulated3.jpg,1664357440.1829784,453.88385925155285,231.54402808550535,0.45388385925155283,0.23154402808550534
UV22MS,1664357398,34manipulated3.jpg,1664357440.2512472,457.16175890372017,236.99899285477886,0.4571617589037202,0.23699899285477885
UV22MS,1664357398,34manipulated3.jpg,1664357440.2662392,457.16175890372017,236.99899285477886,0.4571617589037202,0.23699899285477885
UV22MS,1664357398,34manipulated3.jpg,1664357440.311169,458.5803465394283,228.5426864615427,0.4585803465394283,0.2285426864615427
UV22MS,1664357398,34manipulated3.jpg,1664357440.3202624,458.5803465394283,228.5426864615427,0.4585803465394283,0.2285426864615427
UV22MS,1664357398,34manipulated3.jpg,1664357440.358769,456.647680478569,233.00547497041072,0.45664768047856896,0.23300547497041071
UV22MS,1664357398,34manipulated3.jpg,1664357440.3647685,456.647680478569,233.00547497041072,0.45664768047856896,0.23300547497041071
UV22MS,1664357398,34manipulated3.jpg,1664357440.4237013,463.78613900574555,243.82586591204125,0.46378613900574556,0.24382586591204125
UV22MS,1664357398,34manipulated3.jpg,1664357440.4945378,464.74102989058684,230.84231667731171,0.46474102989058685,0.23084231667731173
UV22MS,1664357398,34manipulated3.jpg,1664357440.5135198,464.74102989058684,230.84231667731171,0.46474102989058685,0.23084231667731173
UV22MS,1664357398,34manipulated3.jpg,1664357440.5511422,460.53853173956566,239.05568759785254,0.46053853173956566,0.23905568759785253
UV22MS,1664357398,34manipulated3.jpg,1664357440.5571396,460.53853173956566,239.05568759785254,0.46053853173956566,0.23905568759785253
UV22MS,1664357398,34manipulated3.jpg,1664357440.5982714,462.617288332436,238.4370051908646,0.462617288332436,0.2384370051908646
UV22MS,1664357398,34manipulated3.jpg,1664357440.6044242,462.617288332436,238.4370051908646,0.462617288332436,0.2384370051908646
UV22MS,1664357398,34manipulated3.jpg,1664357440.6635184,459.2864469602452,231.20131130907384,0.4592864469602452,0.23120131130907384
UV22MS,1664357398,34manipulated3.jpg,1664357440.671489,459.2864469602452,231.20131130907384,0.4592864469602452,0.23120131130907384
UV22MS,1664357398,34manipulated3.jpg,1664357440.7336633,460.2443666365297,238.7345158398194,0.46024436663652973,0.23873451583981942
UV22MS,1664357398,34manipulated3.jpg,1664357440.7526412,460.2443666365297,238.7345158398194,0.46024436663652973,0.23873451583981942
UV22MS,1664357398,34manipulated3.jpg,1664357440.791246,459.37886173104187,242.99565048457492,0.45937886173104187,0.24299565048457492
UV22MS,1664357398,34manipulated3.jpg,1664357440.8388968,459.9553177267383,245.78376988936668,0.4599553177267383,0.24578376988936668
UV22MS,1664357398,34manipulated3.jpg,1664357440.8469207,459.9553177267383,245.78376988936668,0.4599553177267383,0.24578376988936668
UV22MS,1664357398,34manipulated3.jpg,1664357440.9059198,460.8951255758169,244.85593798409184,0.4608951255758169,0.24485593798409183
UV22MS,1664357398,34manipulated3.jpg,1664357440.919916,460.8951255758169,244.85593798409184,0.4608951255758169,0.24485593798409183
UV22MS,1664357398,34manipulated3.jpg,1664357440.966913,458.5534550462438,229.30106045178812,0.4585534550462438,0.2293010604517881
UV22MS,1664357398,34manipulated3.jpg,1664357440.9729125,458.5534550462438,229.30106045178812,0.4585534550462438,0.2293010604517881
UV22MS,1664357398,34manipulated3.jpg,1664357441.0309124,461.0719488957748,245.41262080135925,0.4610719488957748,0.24541262080135925
UV22MS,1664357398,34manipulated3.jpg,1664357441.0369124,461.0719488957748,245.41262080135925,0.4610719488957748,0.24541262080135925
UV22MS,1664357398,34manipulated3.jpg,1664357441.0789657,461.0775188298651,248.82668985378234,0.4610775188298651,0.24882668985378234
UV22MS,1664357398,34manipulated3.jpg,1664357441.1500394,459.5939949081838,242.67438225121842,0.4595939949081838,0.24267438225121843
UV22MS,1664357398,34manipulated3.jpg,1664357441.1690235,459.5939949081838,242.67438225121842,0.4595939949081838,0.24267438225121843
UV22MS,1664357398,34manipulated3.jpg,1664357441.207405,459.0643113480009,241.88953530222165,0.4590643113480009,0.24188953530222165
UV22MS,1664357398,34manipulated3.jpg,1664357441.2134044,459.0643113480009,241.88953530222165,0.4590643113480009,0.24188953530222165
UV22MS,1664357398,34manipulated3.jpg,1664357441.2549074,456.24685321215185,245.53470562867756,0.45624685321215186,0.24553470562867755
UV22MS,1664357398,34manipulated3.jpg,1664357441.2619066,456.24685321215185,245.53470562867756,0.45624685321215186,0.24553470562867755
UV22MS,1664357398,34manipulated3.jpg,1664357441.3208044,458.8256444948314,254.1108736005687,0.45882564449483143,0.2541108736005687
UV22MS,1664357398,34manipulated3.jpg,1664357441.3830032,459.8771756878775,262.0015817291806,0.4598771756878775,0.2620015817291806
UV22MS,1664357398,34manipulated3.jpg,1664357441.3900034,459.8771756878775,262.0015817291806,0.4598771756878775,0.2620015817291806
UV22MS,1664357398,34manipulated3.jpg,1664357441.4508584,457.98691708221025,253.43305875887404,0.45798691708221023,0.25343305875887406
UV22MS,1664357398,34manipulated3.jpg,1664357441.4578304,457.98691708221025,253.43305875887404,0.45798691708221023,0.25343305875887406
UV22MS,1664357398,34manipulated3.jpg,1664357441.4944217,467.02478765174453,259.4999314885042,0.46702478765174454,0.2594999314885042
UV22MS,1664357398,34manipulated3.jpg,1664357441.5005813,467.02478765174453,259.4999314885042,0.46702478765174454,0.2594999314885042
UV22MS,1664357398,34manipulated3.jpg,1664357441.5595362,458.5462156139546,258.1151760493799,0.4585462156139546,0.2581151760493799
UV22MS,1664357398,34manipulated3.jpg,1664357441.5695376,458.5462156139546,258.1151760493799,0.4585462156139546,0.2581151760493799
UV22MS,1664357398,34manipulated3.jpg,1664357441.6284513,460.72705010316486,258.60153592609777,0.46072705010316484,0.25860153592609775
UV22MS,1664357398,34manipulated3.jpg,1664357441.6901217,459.95625223045533,264.9399407402595,0.45995625223045533,0.2649399407402595
UV22MS,1664357398,34manipulated3.jpg,1664357441.705224,459.95625223045533,264.9399407402595,0.45995625223045533,0.2649399407402595
UV22MS,1664357398,34manipulated3.jpg,1664357441.7346282,455.4234846687306,270.9443786115326,0.4554234846687306,0.2709443786115326
UV22MS,1664357398,34manipulated3.jpg,1664357441.7426255,455.4234846687306,270.9443786115326,0.4554234846687306,0.2709443786115326
UV22MS,1664357398,34manipulated3.jpg,1664357441.8007064,453.7014119127152,255.0593815772982,0.4537014119127152,0.25505938157729824
UV22MS,1664357398,34manipulated3.jpg,1664357441.8097034,453.7014119127152,255.0593815772982,0.4537014119127152,0.25505938157729824
UV22MS,1664357398,34manipulated3.jpg,1664357441.8621986,458.8786178667278,275.01249397878803,0.4588786178667278,0.275012493978788
UV22MS,1664357398,34manipulated3.jpg,1664357441.8691986,458.8786178667278,275.01249397878803,0.4588786178667278,0.275012493978788
UV22MS,1664357398,34manipulated3.jpg,1664357441.9292986,462.129855717463,273.17279061088226,0.462129855717463,0.27317279061088223
UV22MS,1664357398,34manipulated3.jpg,1664357441.9433727,462.129855717463,273.17279061088226,0.462129855717463,0.27317279061088223
UV22MS,1664357398,34manipulated3.jpg,1664357441.9747624,464.72635485101665,268.48986670968816,0.46472635485101665,0.26848986670968816
UV22MS,1664357398,34manipulated3.jpg,1664357442.0387032,464.53783234745595,274.88602511983066,0.46453783234745594,0.2748860251198307
UV22MS,1664357398,34manipulated3.jpg,1664357442.0447123,464.53783234745595,274.88602511983066,0.46453783234745594,0.2748860251198307
UV22MS,1664357398,34manipulated3.jpg,1664357442.1046367,461.34285749381337,262.70489683253663,0.4613428574938134,0.2627048968325366
